id,Domain,Status,Attractiveness,Demand,Length,Registrar,Created,Expires
c2f5ab7e-19cf-47f8-9c94-4aa9ad1dc76f,aaa.at,premium,70,92,3,,,
d323f8ff-783a-46f6-a8ca-cd6340a45fbb,AAAA.at,available,68,84,4,,,
94a89f25-7e5d-4855-84c7-eb223c8e97aa,aah.at,premium,114,92,3,,,
d03737ac-ba7c-4a03-a60b-858a8110fec2,aak.at,resell,68,32,3,Dynadot INC ( https://nic.at/registrar/650 ),,
bdbdaf6f-feff-4350-b73d-ead3411f4f70,AandE.at,available,50,80,7,,,
343e851b-99b5-4591-a93f-ac246d22a4e2,aardwolf.at,available,54,84,8,,,
06bb2588-8e74-414b-ba4f-567c7b34c540,aargh.at,available,56,76,5,,,
b0c977da-6b71-4806-9055-4e703d9de592,aaronburr.at,available,54,72,10,,,
2cb1c1bf-ae5a-4e65-9e95-292c6be51344,aarp.at,available,58,76,4,,,
386460a8-bcda-4a79-9e1a-f613c26603cc,aback.at,available,76,80,5,,,
94e4486c-e1c6-4f10-8651-2d2ecd0996bd,abactinal.at,available,50,1,9,,,
acf053f1-f7e3-4608-bf09-4978f62e6e1f,abacus.at,premium,68,84,6,,,
9c70d9fb-1664-46cf-bbac-46cba024bdec,abaft.at,available,43,2,5,,,
a833880c-3cdf-4d4f-99a1-0f648030a641,abashed.at,available,60,2,7,,,
8a1e92a5-f869-4913-972f-abbd48beb8e4,abasic.at,available,54,2,6,,,
5ec2b3b6-8a3d-48f8-be4e-f7e2fda686df,abatable.at,available,54,1,8,,,
956ba2f3-fd8a-4f80-aef0-32e2c7959113,abate.at,available,52,84,5,,,
509d79d5-4263-457d-b887-4ae677e9ecc4,abatement.at,available,52,80,9,,,
ab7f1e64-1642-4dc2-bf75-d4eb5e272d25,abatic.at,available,54,2,6,,,
a0e32685-bc81-403c-bd6a-9a866191c898,abaxial.at,available,54,2,7,,,
0a7d1db7-21b5-4b20-bf5b-45e2f7d3c28b,abaxially.at,available,44,72,9,,,
9f251d8e-d89e-428d-96fa-a5499cdc0916,abaya.at,available,50,88,5,,,
85695efc-d13e-4d52-aed1-6ed53de86d9b,abba.at,premium,54,88,4,,,
9a850240-5edb-47e5-b35b-413cde3ce011,abbatial.at,available,50,1,8,,,
290a8cfa-64b5-4388-b460-b110f1cafe52,abbey.at,premium,56,80,5,,,
c4b5fcd9-f4ab-4a97-b88c-02d48f408016,abbot.at,available,50,80,5,,,
7e634c93-4ac1-42be-b024-f066285d0d6d,abbotcy.at,available,56,72,7,,,
e1f565d5-39ac-4278-a81d-338511c7a467,abbreviate.at,available,92,76,10,,,
b69f371a-49cc-4398-b8e6-f1f92d449f1e,abbreviated.at,available,56,76,11,,,
19670366-e5d7-4a5a-a93d-78199e212276,abbreviater.at,available,56,72,11,,,
d9b4e754-c7cc-47eb-b851-211bcbe5ffda,abc.at,premium,102,92,3,,,
e87bc02b-8f2b-4e4b-bc1d-6df0e7d2d0fd,abcconjecture.at,available,56,4,14,,,
e0dfbabe-b4ce-4b99-a5d7-af00a8eee5bb,ABCD.at,available,60,84,4,,,
918ecd81-8076-4d57-910b-016336d5e2d2,ABCexporter.at,available,43,72,12,,,
d0081f08-3a20-445c-8b9d-61642ce74536,ABCguide.at,available,48,72,9,,,
a7e8cab1-805a-4800-bcd1-fde28039e637,ABCIslands.at,available,57,72,11,,,
1f605193-9948-43f9-b6b1-9a5bcebe63b7,ABCsoil.at,available,56,72,8,,,
8201d81a-abfe-4ea6-8520-d92523fb2a83,ABCtransporter.at,available,43,72,15,,,
555500aa-8be4-49ff-af35-7a900602c4d7,abdicable.at,available,50,1,9,,,
03e39c38-5820-4aca-9605-1f5ac509941d,Abdinasir.at,available,46,72,9,,,
a96a7138-d7aa-4331-8deb-8892a26823ba,Abdollah.at,available,46,72,8,,,
ede5a9c2-b3f0-40ea-8dca-23bb172d7784,abdomen.at,available,66,76,7,,,
df13dd57-23c4-428a-ab94-7e6088e3913b,abdominal.at,available,82,2,9,,,
e02d428a-bfe7-4d3a-8b0e-c9530a4f7c1c,abdominalcavity.at,available,54,72,16,,,
2cb24b5b-c67d-4c71-afae-2f661d4caf62,abdominalwall.at,available,54,72,14,,,
2f917e33-2c5d-4dfe-a6ef-514874aca357,abdominous.at,available,56,1,10,,,
c8722b84-a6e4-4a56-8980-536af5d44223,abducens.at,available,54,1,8,,,
ce996aea-c793-4d3f-84bc-172e2d4ae979,abducent.at,available,68,1,8,,,
ff24e329-3910-45a0-8cc8-f0b1c6f6821a,abducting.at,available,50,1,9,,,
7506690b-1812-4a65-a213-24d7cf612fbf,Abdulaziz.at,available,50,88,9,,,
2d8a735b-6bec-4f1a-9afd-515c031f6102,Abdullah.at,available,54,80,8,,,
d6c10d12-4c6a-41e8-98b4-7483030622e0,Abdullatif.at,available,46,80,10,,,
282c59ac-31a5-4472-96f4-2550cd04da30,Abdulmalik.at,available,46,84,10,,,
52683900-d62a-48c7-86bf-ffa47f177ee4,abeam.at,available,68,76,5,,,
d3212b11-f57d-4075-ad74-68f8653da89c,abed.at,available,60,80,4,,,
3d994ff3-d945-4448-a397-ad7f2b35309e,Abeer.at,available,50,84,5,,,
4ec67786-ead6-451b-9f55-c207a3b40ab7,abel.at,available,50,92,4,,,
3a62e5c9-ee91-4790-948f-aaed4e64a90f,AbeLincoln.at,available,68,80,11,,,
aebb7099-bda7-486e-8860-28daafdd418e,abenaki.at,available,82,3,7,,,
e8241e95-586d-467c-8f6f-f6f2de88cc7c,Abercrombie.at,available,52,88,11,,,
4af7f451-eadd-4872-aabe-9af85ec8f9b6,aberdeen.at,available,64,84,8,,,
50d8dff8-af8d-4251-a4b9-54245bedc462,AberdeenAngus.at,available,54,68,14,,,
0002cb87-c41c-4f7f-9e18-ee54c453c155,Aberdeenshire.at,available,60,72,13,,,
6ef27f4a-5b37-47a7-b731-bded52f61c0e,aberdonian.at,available,68,1,10,,,
27c5e816-462b-49fc-ad8e-3a96f96ca1cb,aberrant.at,available,74,7,8,,,
72a0647d-e701-4590-b4fc-363d6772365a,Abert.at,available,68,76,5,,,
2c8ecb71-cc1e-4a65-aa03-7563bdc1b2da,Abertsquirrel.at,available,54,72,14,,,
4e0a5aff-86d1-4c02-bbb1-c847bc813850,Aberystwyth.at,available,46,80,11,,,
9331726e-8143-461a-a330-215a49782c3a,abeyant.at,available,56,2,7,,,
5b95fcce-55c4-466c-a4a3-0930232bfeb4,Abhi.at,available,50,84,4,,,
65f748ed-ad85-4075-bd0e-550b9b392d1e,abhorrent.at,available,54,1,9,,,
39ab5ef9-0c64-4195-9e35-aa4303cb8bd2,abhydrolase.at,available,64,4,11,,,
cfddf322-0d5d-494b-91c3-58007b4702d6,abibliophobia.at,available,64,4,13,,,
088511c8-e64e-44b0-9b70-dd41e1947832,abidden.at,available,50,4,7,,,
8f5e6b5f-4bde-4b76-9de0-99c5047ecb7c,abide.at,available,94,76,5,,,
0ea64ee4-9a02-4e59-9977-673eec268756,abideby.at,available,,72,8,,,
f5e8a09a-7567-4a90-859d-23bd928f4734,abided.at,available,70,72,6,,,
a26e8a15-cd94-4410-82ec-76f710eb9a17,abiders.at,available,70,16,7,,,
23022b85-ba16-41fd-9bd2-cea2d9b42233,abides.at,available,70,20,6,,,
6dd446c7-5545-43d4-8fbb-355a902e3374,abideth.at,available,50,12,7,,,
0829db69-3958-4bed-b335-a5279dce8c7f,abiding.at,available,106,5,7,,,
36a5d424-ec76-4ea5-a62a-6725b438ab1c,abidingness.at,available,64,72,11,,,
d3f45461-d054-4ff5-aa1a-802381c8d95d,Abie.at,available,50,80,4,,,
8192ea2e-a3af-49aa-be9a-b04e39e70bad,abient.at,available,54,1,6,,,
e87f3d26-b7b0-4bd1-ad35-62a8b52fd3e2,abier.at,available,64,16,5,,,
9dc86c5f-f4ac-4b2e-b8db-0fd8c3dc582c,abietic.at,available,64,72,7,,,
d3016566-4f85-4994-9b23-4cccac9f7b68,abietin.at,available,68,72,7,,,
bd19de90-6ee3-42f2-ba00-5d46bfe9110f,abietine.at,available,64,72,8,,,
44c7d29a-32e1-47ef-843d-0f379f9d5d4c,abietinic.at,available,60,72,9,,,
0bc0833b-159d-4fc2-aa34-5a6b3429f4e7,abietinicacid.at,available,46,72,14,,,
39df11b1-6e98-402d-9c26-205b33eaada0,abietite.at,available,64,72,8,,,
36ee0fe5-ed8c-4afe-aa7f-fe7d6981a9f8,abigail.at,available,54,76,7,,,
c79f59d2-de3a-4384-a70f-fc70d99be3a1,abigails.at,available,46,24,8,,,
c97a3cb3-87da-41d8-adfe-cfd680328423,abigailship.at,available,64,72,11,,,
37c1fd7f-1e5a-4f5a-b784-3ad5a0912f1a,Abigale.at,available,50,72,7,,,
d9369316-0f40-43ed-bb52-f3fc35b27569,Abigayle.at,available,46,72,8,,,
1f887ecd-2d36-4f6f-8c45-7fb0e76a86d6,abige.at,available,68,4,7,,,
8b300a5c-0b67-4329-867d-166acedab624,abigeat.at,available,68,4,7,,,
921d6399-f3cc-4c8b-bba6-c83678e09a08,abigeus.at,available,68,4,7,,,
cf63bd2f-7185-4e2c-9692-fdde0cde09bf,abilene.at,available,74,88,7,,,
9d0c61b1-e55f-4786-b005-65a6e0949285,abiliments.at,available,46,4,10,,,
210a4602-0d9c-4963-ae19-556eb44bbeb7,abilities.at,available,70,48,9,,,
c758ca76-3f97-414c-9a7e-d54ec681fc06,abilitytopay.at,available,,76,14,,,
36fc5b88-a31c-4efa-b0ba-f53bb0363ffd,abimes.at,available,50,8,6,,,
d0a28765-9c02-43fc-b5d6-bcb4e76a57cb,Abington.at,available,56,80,8,,,
b7a3ccd5-564e-4197-8dbb-3e540623e792,abiochemical.at,available,60,4,12,,,
a273a3c7-bee2-4f07-b6fa-60ab9c26e5d1,abiocoen.at,available,46,4,8,,,
4111cc49-eca0-4385-aa35-d6a3754e8826,abiogenesis.at,available,64,84,11,,,
31585540-6625-4319-a347-a498d9c42bd3,abiogenetic.at,available,60,72,11,,,
84eefa80-ea98-4817-a8fc-93e5218a991d,abiogenetical.at,available,60,4,13,,,
c84a49d4-d0a0-4d66-ba7f-7fbe930bb232,abiogenetically.at,available,54,72,15,,,
e28b641a-86ed-41eb-b838-99bcc15049aa,abiogenous.at,available,60,72,10,,,
7c6a4a36-6285-4955-9ac5-8306702405eb,abiogeny.at,available,64,72,8,,,
32257314-e8e6-4840-a377-49dfc10cb750,abiologic.at,available,60,4,9,,,
4b569d71-ba22-45b2-934f-12f819c79cb8,abiological.at,available,60,72,11,,,
bd725f4a-823b-4aee-b7f9-47fac9f01932,abiologically.at,available,54,72,13,,,
340983c5-b13a-44f8-aec6-6635819b5555,abiology.at,available,64,72,8,,,
13678b87-2996-49bb-bd6d-ad3f70693f90,abiosphere.at,available,64,8,10,,,
10ff67dc-8dbe-476c-b53c-74ef8666d3aa,abiotically.at,available,54,4,11,,,
48bfc639-babd-45fd-89f2-0522e426a35e,abirdinthehand.at,available,56,72,18,,,
14e3392d-d4a7-4997-920d-4c9391e465e1,abirritants.at,available,46,4,11,,,
1bf9ecbd-e4b4-403a-b621-5bb449b138a5,abirritated.at,available,46,4,11,,,
5ebf59a7-11e2-49f6-9773-f0918c8f7c6e,abirritates.at,available,46,4,11,,,
6ec57928-ac7b-4dfc-a6ec-05a4a633ca91,abirritating.at,available,46,4,12,,,
c2263e1d-4447-49fa-9b58-9a729f06b107,abirritations.at,available,46,4,13,,,
566f061d-f117-4adc-8f2d-9b8b1f0aca4b,abisetaoshi.at,available,64,4,11,,,
a8770be8-0ab8-4c42-84b1-e71ebecbfaf4,abit.at,available,66,80,5,,,
c559253b-14ec-4872-a871-78902ecf6049,abite.at,available,70,80,5,,,
612f8711-6e4e-4c27-bdab-5a8f0a91ab9e,abitmuch.at,available,60,24,10,,,
d4b33b42-fcc4-4d59-8e53-3294982e169a,abjadic.at,available,64,4,7,,,
ce889cf0-ec85-49e5-ac4f-841985f889ab,abjads.at,available,50,12,6,,,
e8f8f923-d005-4811-854a-fb4284bfbe16,abject.at,available,94,8,6,,,
1324705d-7021-420d-9631-8b595ea75ab1,abjudged.at,available,46,4,8,,,
f920cc4d-7c91-4e54-8c2e-65de96f80db8,abjudges.at,available,46,0,8,,,
778e0e33-67dd-4240-a279-420aa4a56d2a,abjudging.at,available,46,4,9,,,
15a75cec-cc0e-4216-8e62-49ceb2dfc922,abjudicated.at,available,46,4,11,,,
0ec12681-23c3-45f4-8377-cf03fbed6ec4,abjudicates.at,available,46,4,11,,,
ebc3c538-63aa-48c2-aab7-c963a460eabd,abjudicating.at,available,46,4,12,,,
c7fa74cb-d312-4d13-aa77-ddd29680c9bb,abjudication.at,available,64,72,12,,,
228aa03b-b8f6-4930-88e8-11f25b9c00af,abjudications.at,available,46,4,13,,,
68e9ce26-4509-456a-bf8e-e6afdf5e0040,abkhas.at,available,68,1,6,,,
dfcec59e-b1fe-4642-bd19-59fa9204cea1,abkhasian.at,available,78,1,9,,,
58affa9c-b3af-4c92-b44d-a34d84e03416,abkhaz.at,available,82,2,6,,,
c2a71ad2-43ff-4262-8c22-3ca8c7a00512,abkhazian.at,available,78,1,9,,,
6451df59-343b-4259-997a-15f57cb623f9,ablated.at,available,52,2,7,,,
ca29b594-0c2f-4cfc-8a3c-0d48bf659e28,ablative.at,available,68,3,8,,,
dc820dfa-8bab-4e61-a3a9-b594043dbd8f,ablaze.at,available,72,6,6,,,
5786cac6-3830-476f-98d3-5e1495065a5e,ablebodied.at,available,54,72,10,,,
afe24b43-e9d3-4f0f-93db-0950e53151fd,ablebodyist.at,available,60,72,12,,,
96af28a1-1514-425e-ba66-2615873a8836,abled.at,available,78,76,5,,,
136f1d72-f54e-4048-8cc2-2e5633d83ae7,ably.at,available,62,76,4,,,
fc3af170-f313-4036-863f-fad68c1f67ac,abnaki.at,available,68,2,6,,,
3778026e-0c51-4e66-96eb-4f35f79bc2cb,abo.at,resell,62,15,3,Dynadot INC ( https://nic.at/registrar/650 ),,
7a04c25f-9e4d-49e0-899a-f192e38a6a3e,abode.at,available,84,96,5,,,
33379d3e-2d2f-4a58-887e-6d58c2286bb0,abodes.at,available,42,40,6,,,
ea7bf275-dee2-4e1d-a106-fb965e34e876,ABOgroup.at,available,52,72,9,,,
c6c43219-3f16-4aec-893a-d8f5406c8364,abolish.at,available,64,84,7,,,
405daa8e-3f25-4b7a-b3af-fec04e953283,abolished.at,available,38,72,9,,,
e7f9ec87-8fa6-4513-a60a-e9851a881424,abolishes.at,available,38,8,9,,,
d35e7b2b-c401-4e06-ad9c-f8313e95f6b5,abolishing.at,available,38,68,10,,,
f2d1d67b-e7a6-4b8b-9319-6b7b7d728dde,abolition.at,available,58,80,9,,,
fb2dfd25-4139-4215-b828-7c5e7d21d146,abomasal.at,available,50,1,8,,,
43281239-77e1-4dc0-a1b0-0e313c9813d5,abominable.at,available,52,3,10,,,
4fa1de74-8844-484d-9826-ff709cddf84c,aboonandabane.at,available,40,4,17,,,
950b5825-f17c-4d00-a0d8-62bb71751566,aboonorabane.at,available,40,4,16,,,
c1b13333-5565-4bb5-9357-4b211bc2393d,aboral.at,available,54,2,6,,,
cfbea5c1-b0af-4019-b226-0b69d88bf035,aboriginal.at,available,86,8,10,,,
6a22b6da-211f-41d6-a775-f33b0971590f,aborigine.at,available,62,2,9,,,
2fc3522e-efdf-47ca-995a-54f90ba9b085,aborticide.at,available,50,1,10,,,
a832b902-3782-4808-9522-f6eacd7f9225,abortive.at,available,90,1,8,,,
3a0ed4a7-3682-4562-a6ee-817244091117,aboulic.at,available,52,2,7,,,
d8914378-df31-4520-9868-d1c717950d79,abound.at,available,70,88,6,,,
d9b724b6-1945-4f43-ba9c-726b151f577c,aboundance.at,available,62,72,10,,,
6cdbc06b-6aa9-4b9e-af01-1b0b0e1c0e0a,abounded.at,available,38,8,8,,,
0e8dea8a-637a-461d-9074-16408f42e5b2,abounding.at,available,78,2,9,,,
ad4fef13-72cc-4fa9-83f8-dc3c523aea49,abounds.at,available,42,20,7,,,
fdc19eba-48bc-4856-86c0-62573a12f175,aboundwith.at,available,38,4,11,,,
151cbb77-6a49-4ae1-a612-6c21865c73f4,abouteast.at,available,58,72,10,,,
8dc2df06-c72f-453b-896d-9517be7c5bdc,aboutface.at,available,74,88,10,,,
80a03035-94d7-4436-8f48-748255fe0d5d,aboutfaced.at,available,44,8,11,,,
9d12cb27-72e7-4d59-be38-055d6b956acb,aboutship.at,available,70,72,10,,,
717c70ed-2180-492e-9690-fc5c5e36a719,abouttime.at,available,60,72,10,,,
c52e0ae4-4be9-4f4a-9ea5-7a673058caf8,aboutto.at,available,52,8,8,,,
87bd1bde-ca0d-428a-abd3-9bc09a757ce0,aboutturn.at,available,54,72,10,,,
18d7ab4a-3536-43a7-bf16-7829a37669c4,above.at,premium,112,22,5,,,
3151c259-cd8a-40a9-b635-d80de60ffe5d,aboveabit.at,available,56,72,11,,,
863e97bd-b186-4586-9b5f-a95124423cde,aboveall.at,available,62,80,9,,,
e036e99f-633b-418d-bc9b-bdb9e9487ed5,aboveboard.at,available,60,5,10,,,
c1d5f546-b3ec-44ad-aa28-e17d6fb018ee,abovecited.at,available,58,72,11,,,
30a5bf57-db0e-4ac5-97f7-f1dfd51ac794,AboveDerwent.at,available,46,72,13,,,
91a2a9c8-b017-4f7f-9d8a-66678b9a358d,aboveground.at,available,60,76,12,,,
2c1f2636-1ada-4c1a-a553-e37501633442,aboveline.at,available,60,72,10,,,
b9f41fe5-649d-4b6e-9281-e1f6a1238759,abovemeasure.at,available,68,72,13,,,
441aaa90-8bae-4bbb-998b-1419de6c7446,abovementioned.at,available,60,72,15,,,
47cbbade-69b5-42ec-beb3-b46db3e13aab,abovenamed.at,available,58,72,11,,,
8aad3d54-80d4-4b67-8076-71e9d0fb0e65,aboveoneself.at,available,68,72,13,,,
80acc318-34e5-4fc9-8634-e9bf4579e225,aboveproof.at,available,66,72,11,,,
728836f0-f431-43f7-bb9e-ea78a6b4ef0f,abovespecified.at,available,58,4,15,,,
41e96c22-5b40-4afb-a6de-42196ed2b0ef,abovethecurve.at,available,68,72,15,,,
8cff6ccd-0d79-4ee4-9655-b6663ce57b56,abovethefold.at,available,44,76,14,,,
83230aee-2267-44a0-a32f-db648e539d2c,abovethelaw.at,available,68,76,13,,,
b5eb6d58-e8b0-409a-89f0-28497d731a4e,abovetheline.at,available,54,76,14,,,
1a9240d1-c4f9-4347-a55b-3bf71e1e4880,abovethesalt.at,available,68,72,14,,,
46164d50-b9a6-4c1f-8d16-da2cf7e29ea7,abovethescroll.at,available,44,12,16,,,
c8e36a0f-7fa8-4919-a15d-0e8e7d5eabde,abovewater.at,available,66,72,11,,,
9a5de0fb-e0b2-4e67-8ffe-f1b99c49653a,abovewritten.at,available,58,72,13,,,
17ad9375-beb8-492a-8e80-696499dd3125,abradant.at,available,70,1,8,,,
2707fe9e-a255-4573-a4e9-6a6fbf218218,AbrahamLincoln.at,available,74,80,15,,,
5aef642a-7d77-4098-ae1f-f8d8063f73bd,abram.at,premium,84,84,5,,,
47032a38-21cf-404d-8ced-f7804c6df8b0,Abramcove.at,available,56,72,10,,,
4f663bf6-ce37-4851-8cec-99f52cdb5c05,abranchial.at,available,50,1,10,,,
1e4415ad-d562-48cd-893c-35a2c6fb1461,abrasion.at,available,54,76,8,,,
42bbd96b-24ff-4edd-9daa-6569e506b6ad,abrasive.at,available,76,6,8,,,
98801f36-2e68-4809-a994-b926b94f1a00,abreast.at,available,72,3,7,,,
3cfbaf6d-b059-41e9-b0fa-31674a487658,abridge.at,available,52,84,7,,,
b4a4d691-dab5-4c4f-840f-a890b6ef94f7,abridged.at,available,58,5,8,,,
195dd6a2-0924-4510-b376-87f9b2323e60,abroach.at,available,82,1,7,,,
12ef067d-bee2-4996-ae43-7a88f9def2c5,abroad.at,resell,92,12,6,Dynadot INC ( https://nic.at/registrar/650 ),,
e8f5738c-9fd5-4446-a1d4-c5fb230f1c83,abrollerwheel.at,available,60,72,15,,,
3577ba72-75d6-4535-bb7b-d5491c90e5e7,abrupt.at,available,100,4,6,,,
1b024a65-bdb3-4a25-92d9-7b10cc7f4e47,Absalon.at,available,54,84,7,,,
47598817-e6f1-4634-b8cb-c713407fc116,ABSbrake.at,available,54,72,9,,,
174171a8-bd42-434e-97ab-d417efb784d0,abscessed.at,available,41,1,9,,,
ad412e3c-7e84-413d-b87a-1df1c0a32543,abseil.at,available,80,80,6,,,
987015a9-94d2-49f7-8a36-a0e25ff031d7,absenteeballot.at,available,56,76,15,,,
705250ec-74c9-4b3b-a30f-f6e15761d9d0,absentmindedly.at,available,42,72,14,,,
a9c76e96-38e6-4786-ba79-679a58e5237e,absolue.at,available,58,76,7,,,
a4495242-c5a7-47e2-ba5b-f78f30334f2a,absoluteadvantage.at,available,62,76,18,,,
292349eb-843c-445e-a997-6c376d13fe96,absolutealcohol.at,available,54,72,16,,,
4f873d88-70f9-495f-92a3-65009e11b0cf,absolutealtimeter.at,available,58,72,18,,,
d94804fb-9ba4-4b39-a280-c86b097c7607,absolutealtitude.at,available,54,76,17,,,
592a64a6-ffb7-42e0-a8d7-1ddf0592fa7e,absoluteblocking.at,available,54,72,17,,,
3a8d2052-5f95-4e10-b169-9edd7f24e56a,absolutecode.at,available,54,72,13,,,
307c5f2e-1a02-49fa-a4fb-fbf2bda4a5e6,absoluteconvergence.at,available,36,72,20,,,
8306a5cc-8994-4685-a3aa-ce78568cb77c,absolutefeesimple.at,available,54,72,19,,,
1eb5182a-6602-4f8a-9c68-cc1606a6ac84,absolutehorizon.at,available,36,72,16,,,
9d481e31-446b-4a3e-826a-18ee3326d7a6,absolutehumidity.at,available,54,72,17,,,
874646d1-b8e1-42b6-b8ec-ab196e8a69b9,absoluteidealism.at,available,54,72,17,,,
bc25b571-6a01-429c-891c-099c086d8660,absoluteimmunity.at,available,54,72,17,,,
887fa69a-b961-423c-ba62-8102012b659d,absolutely.at,available,96,80,10,,,
605a59c4-6d47-418d-8691-dbf70bbbbd4c,absolutelysummable.at,available,50,72,19,,,
98d25b10-1a79-4e85-82ff-b2e8642fba5f,absolutemagnitude.at,available,54,72,18,,,
02a41006-b15e-4527-9e61-3c99ed2f7b7f,absolutemajority.at,available,60,72,17,,,
f389a1d5-c0aa-4956-ab05-767d475bf6b5,absolutemean.at,available,54,72,13,,,
515d4e57-9ae1-4a8a-af1a-dcda18cc044e,absolutemonarch.at,available,54,72,16,,,
9601e18e-9faf-4e12-89f7-1203fb0e0435,absolutemonarchy.at,available,54,72,17,,,
b7110994-1f34-479f-befb-114530f6fdde,absolutemusic.at,available,54,80,14,,,
49ab545f-0f2d-4f2d-a71e-8f66b38259ca,absoluteness.at,available,54,72,12,,,
bd5503b1-276f-4348-9e07-97d732043c5b,absolutenorm.at,available,36,4,13,,,
5c548fcb-7bef-4851-b9a2-2c6da1286839,absolutepitch.at,available,60,76,14,,,
cb4016b7-3213-4d13-9436-2fa407b01336,absolutepressure.at,available,54,72,17,,,
7e9b0c30-b18a-4553-8044-341b4bcae3a5,absolutereality.at,available,54,72,16,,,
096b0e9a-2eff-4584-8e4c-67d5a6e23925,absolutereturn.at,available,36,12,15,,,
83fcb149-d77e-43ee-a0bd-739bab10c678,absolutescale.at,available,54,72,14,,,
7acb69ac-ec37-4486-915b-e54b59cc1438,absolutesignal.at,available,36,4,15,,,
b01da47d-a530-476c-b9ab-a454a3dd401c,absolutespacetime.at,available,54,72,19,,,
28787dee-5c61-4149-959b-f2cd55bbacb9,absolutesystem.at,available,54,72,15,,,
ae382b46-53a5-482b-a062-dda5b295d77d,absolutetemperature.at,available,54,72,20,,,
bdfccd25-a30f-4aa6-ad80-7c0428b6fa98,absoluteterritory.at,available,54,76,18,,,
9fd12acb-5ca4-4fd7-bf9a-17318bc08321,absolutethermometer.at,available,36,72,20,,,
b244992e-b5cc-4f12-92a6-479d114b479c,absolutetime.at,available,54,72,13,,,
656f9143-fbbb-4aec-8d23-3e939af0ecf2,absolutionary.at,available,50,72,13,,,
f57feb48-4883-4065-865f-9b11ed7c7aa1,AbsolutionDay.at,available,46,72,14,,,
36dc663c-bb54-4466-93ff-7b6eec2ed79b,absolutised.at,available,36,4,11,,,
c2608fc3-50d3-41f9-ade2-77042426acdc,absolutises.at,available,36,4,11,,,
adc7dee8-4b38-4176-896f-7ea71f63e023,absolutising.at,available,36,8,12,,,
8c9e355b-7a8f-4311-9af7-ea4901b36c50,absolutist.at,available,72,2,10,,,
3612d5ff-1e46-437c-9017-aa7d3cee1621,absolutistical.at,available,36,72,14,,,
27a44ee9-1aab-479f-8a16-df8bcd39279a,absolutists.at,available,36,4,11,,,
6e83a546-9bfa-4305-ad27-3dec66560a0d,absolutizable.at,available,50,4,13,,,
e88e571c-0e9b-44d5-8857-a27582594608,absolutization.at,available,54,72,14,,,
e524587d-0927-477e-b8e4-860eb9f5021f,absolutized.at,available,36,4,11,,,
27527084-c7ea-4418-a92f-9f12ac125b6c,absolutizes.at,available,36,4,11,,,
28cf1a1d-7afa-4a92-88d0-80e27c797fac,absolutizing.at,available,36,4,12,,,
7780fe18-dbf3-495d-8308-8928b379011a,absolvable.at,available,50,72,10,,,
75bfbd1c-2c25-4e19-9318-50877b908101,absolve.at,available,60,76,7,,,
c2cd239a-320e-4123-992f-e465de79a9b9,absolved.at,available,64,2,8,,,
7e474e6f-3500-4698-bc63-78c273f78e5c,absolvement.at,available,54,72,11,,,
c24cb54e-a676-4479-aa33-7a5653a2d293,absolvers.at,available,36,8,9,,,
80d50225-547a-40da-8e37-19092db689a2,absolves.at,available,36,8,8,,,
31795c5d-7e77-4b98-a4e6-96460096bafa,absolving.at,available,36,72,9,,,
aa840544-75ec-42ca-97d2-2f10f6fc984e,absorbability.at,available,54,72,13,,,
8ca4f53f-c29c-440e-a9dc-ececcbb5e93f,absorbable.at,available,80,1,10,,,
829eaeff-2667-47dc-9fa6-bed6b23947c1,absorbed.at,available,72,2,8,,,
825ff390-2e82-46b1-9bb3-f8d453f23fa8,absorbedness.at,available,54,4,12,,,
201735e8-7dcb-40cc-8b95-69e010396a8d,absorbent.at,available,82,3,9,,,
6d219c16-97b0-4d03-a3c7-5cfd76b4ee7a,absorbentcotton.at,available,54,72,16,,,
d06518ab-99d1-46fc-98f9-78330c7dc4ba,absorbentpaper.at,available,54,72,15,,,
6ce6f5ff-0c07-4d6c-842e-e90d4285347e,absorbents.at,available,36,16,10,,,
4bc78ee2-3478-44de-90e8-76e9178dc155,absorberman.at,available,54,72,11,,,
56dd4ae8-c74d-4986-aa2f-f23cd4cb5abf,absorbing.at,available,70,3,9,,,
be2bdd02-5b74-4102-98e8-b44b57b33c61,absorbingly.at,available,52,72,11,,,
c52aea44-5907-4a2c-bbbb-2f40c35f46f8,absorboneselfin.at,available,56,72,17,,,
17afebfd-866e-4802-8250-566c398a3af7,absorbs.at,available,40,76,7,,,
bbad7c3d-ca8a-438f-90fb-53e753e1a456,absorpt.at,available,54,72,7,,,
2996e91f-9ae1-4f30-aa3e-6125f278ccbc,absorptiometry.at,available,54,72,14,,,
c91f8bff-f429-4b37-a446-ceff9ac44bf8,absorption.at,available,60,76,10,,,
b590333c-d8f3-49e3-8c58-ab1c3eb5e8cf,absorptionband.at,available,56,72,15,,,
40d919d1-4a35-47e3-af96-ff01ceb501b6,absorptioncosting.at,available,58,72,18,,,
d8f813cc-570e-4dd4-84d1-9f63296dc4ad,absorptionline.at,available,56,72,15,,,
f51e7fc7-1689-4f94-8cb0-a1bdba0c88a5,absorptions.at,available,36,8,11,,,
4525fab8-d214-4866-a0d2-4e714444c0f0,absorptive.at,available,78,1,10,,,
97a679ee-2b43-4774-add3-0c3385bf6777,abstain.at,available,64,76,7,,,
6dca4d4f-b872-4c42-9d1f-a04c1087d5a8,abstained.at,available,36,4,9,,,
ddbee2d5-ac19-4135-a1d9-884f8a1f997d,abstainer.at,available,60,1,9,,,
21b4fd5c-d77f-4e65-a1bb-8995f8ece92e,abstaining.at,available,36,72,10,,,
215d8d7b-8644-4f32-b582-1b55b5be9d45,abstains.at,available,36,12,8,,,
e3fc2250-ba8b-4d78-b708-c53de34a3b18,abstemious.at,available,60,1,10,,,
df44c899-4740-4a97-8f2b-272ef3629394,abstemiously.at,available,46,72,12,,,
f936db59-b445-4fd5-a3b1-6f904a234414,abstention.at,available,54,72,10,,,
554b2180-c63b-41c7-a177-496d9eaa94a6,abstinence.at,available,56,76,10,,,
d9cb1049-0fb6-499a-85f6-46980b591368,abstinent.at,available,66,1,9,,,
2c4ef9d8-daae-4749-8573-7c1d25f1b47a,abstract.at,premium,108,28,8,,,
61130648-314f-4eeb-9f5b-96d7f31ad6cb,abstractart.at,available,58,80,12,,,
10d99a0c-6267-42bc-8401-d47edce3475a,abstracted.at,available,48,6,10,,,
38975209-016b-4a21-ad77-548a1aee5932,abstractidea.at,available,60,72,13,,,
1abf650c-d711-4ffa-8aff-6f5939e0b67d,abstraction.at,available,54,84,11,,,
e3270897-a5f2-480e-a830-b0876a5ab856,abstractions.at,available,36,40,12,,,
c040e64c-f7fe-44d2-abec-434ca5826e25,abstractly.at,available,50,84,10,,,
e931492f-26fd-4fbc-91a8-1dc0348d73c9,abstractnonsense.at,available,52,72,17,,,
58cd37ef-d3f2-4cea-86d6-1c919c60784c,abstruse.at,available,52,3,8,,,
d2778654-04a0-459a-b111-fd937b695f47,abstrusely.at,available,40,72,10,,,
33c0986c-e53a-4c02-a8a8-6834fd774bf2,abulic.at,available,70,2,6,,,
fa7e9d67-1892-409c-9539-186d9bad9436,abundant.at,premium,80,19,8,,,
4912e6ec-2aa4-4138-8b11-8cb81288ba47,abundantly.at,available,66,76,10,,,
d3f75192-1643-457c-b819-96636356192f,abused.at,available,58,5,6,,,
41e7d296-2af8-4dc0-a2cb-c1aad7c5686a,abusive.at,available,52,3,7,,,
2e6d289f-18c8-4e78-bf41-1af98f432fdb,abuzz.at,available,58,5,5,,,
90b0601c-fa6f-44eb-a2f3-c3d636d0fe4f,abwheel.at,available,60,76,8,,,
9ea5330f-8f8d-46b4-850f-f55a4e8d4936,abysmal.at,available,52,4,7,,,
643dcd77-02c5-42e8-80c8-c4726a7ec5ae,abyssal.at,available,48,13,7,,,
fadfa853-1e0b-44ba-8c71-31a6660ce53a,abyssinian.at,available,86,76,10,,,
539e6e13-9d9e-4965-9899-6c37ff3a5647,Abyssinianwell.at,available,56,72,15,,,
106eb02e-49f8-487b-aa23-3bb8ea93747c,academic.at,premium,96,20,8,,,
fe1c169a-a87e-44fd-84d6-03a8d4de41d1,academicadvantage.at,available,44,72,18,,,
51e3c8d7-01f8-4636-9514-08c01e5465ba,academicart.at,available,62,72,12,,,
a9bbeaf1-104a-420b-8bb5-a50ae99b011f,academicdegree.at,available,44,72,15,,,
441af0d6-c29d-4d16-8ac6-57774b93ac06,academicdiscipline.at,available,44,72,19,,,
13c2d172-fc0d-4232-b7f8-66b6bf71d2ab,academicfreedom.at,available,66,72,16,,,
56f5edcd-a54f-45b8-9659-e4c55d514da3,academician.at,available,66,76,11,,,
6f0dac0f-8b19-4b9e-b0cc-45f2a2e3235d,academicians.at,available,38,4,12,,,
fbe55edd-a01f-4685-bace-51f0ff75fbe8,academicinstitute.at,available,44,16,18,,,
a06100c1-1488-4605-95db-588686044b0d,academicinstitution.at,available,62,72,20,,,
9fca93ea-f59b-42ea-80a5-a0bdd1d23983,academics.at,available,68,72,9,,,
13994bb8-0d18-4278-a4ec-42a6d56ac790,academicsocialist.at,available,38,72,18,,,
da0a76a2-0416-4360-888d-ae0e8831b3c1,academies.at,available,50,76,9,,,
f7b4b36f-d1a1-41cb-a21b-3ee0364deae9,AcademyAward.at,available,80,16,13,,,
08233190-22a0-4bec-b669-cab5dad34085,AcademyAwards.at,available,72,32,14,,,
a81a5172-8814-4cb0-922d-7d4030f18138,academyblue.at,available,56,72,12,,,
c6c71e79-87dc-4f42-93ed-4dc81c5c1532,academyleader.at,available,56,72,14,,,
e89b69c9-76a4-4531-bbb0-e8fc412dfa36,AcademyofSciences.at,available,62,72,19,,,
02229158-2651-4c5b-93e5-7d4dd2c91976,academyschool.at,available,62,72,14,,,
57fd5f6d-a25e-4469-a5bd-34d7834b8bb6,acanthoid.at,available,46,1,9,,,
cc7ced98-d11f-4bdc-9a5e-bbff36a425e1,acanthotic.at,available,46,1,10,,,
935527dd-f8ed-4f71-800d-1e1b98206ddb,acanthous.at,available,46,1,9,,,
5d2e4130-71f4-4652-a432-07acf36c8b00,acapella.at,available,42,36,8,,,
f883a07e-fd29-4ba6-989b-b4215b01cabf,acapnial.at,available,46,1,8,,,
507d553b-31ed-4426-b985-d549f5273267,acapnic.at,available,50,1,7,,,
e9b4e2db-1981-4091-bae7-1c6d6cf9f5af,acapnotic.at,available,50,1,9,,,
2b10c376-6ffd-4e9f-8ddb-62f81f128f1f,acara.at,available,60,84,5,,,
d22fa4a4-0914-456d-b676-bd05b6b3c23c,acarpelous.at,available,46,1,10,,,
6c486393-9604-4a3f-a406-d04b9ec9c63a,acarpous.at,available,46,1,8,,,
0ce4f722-eff3-4e31-b15a-9b75c6574032,acaudal.at,available,50,1,7,,,
65469cc1-2f4f-428c-969f-4d405bf88240,acaudate.at,available,46,1,8,,,
b01f3db4-ff0f-4411-87e6-ca96a61bb817,accede.at,available,62,80,6,,,
62f97f0d-248f-40d1-9eeb-6a9a962aea29,accelerated.at,available,66,84,11,,,
2da91ca4-01d7-44fb-9b0c-e398bbd1454c,acceleratedly.at,available,46,72,13,,,
2b482495-7f74-4989-b385-df3416e1379b,accelerating.at,available,70,76,12,,,
ad824d05-a9ad-42a8-bb87-03e8e2417e36,acceleratingforce.at,available,58,72,18,,,
bb01299e-6b20-4d0c-b1ff-469f66e9e8b5,acceleratingly.at,available,50,72,14,,,
d312f5a3-9051-4f9a-ab00-4124d7ac41d8,accelerationlane.at,available,56,72,17,,,
05bf8b58-5ee8-4b9d-960a-b55c111c3082,accelerator.at,available,68,80,11,,,
839da760-f94a-4a0a-bc6e-fb1fcb7241c7,accent.at,available,90,84,6,,,
a3064223-2edc-4211-bdf6-7e7425873628,accentacute.at,available,54,72,12,,,
4392e33a-ffb9-46fe-98cd-35dee4a05145,accentdiamond.at,available,64,72,14,,,
483ac14f-9b32-4414-8c66-cc239f5618b8,accented.at,available,58,2,8,,,
54f7c65b-248f-40e0-9be6-4465cf4bdc25,accentgrave.at,available,54,16,12,,,
fe83e821-643c-4499-ac8f-4812f4ddf113,accents.at,available,46,36,7,,,
eb580cf9-aef4-4b11-b3bf-292000568114,accentual.at,available,54,2,9,,,
0fe199c7-54a3-4c4f-ad6b-18c00faa1c3f,accentuate.at,available,62,80,10,,,
93b9f92f-d3a1-494b-977d-d4a3c10c44ac,accentuated.at,available,36,76,11,,,
a6e885a8-d0a7-4a63-ae91-0d3c6076723c,accentuates.at,available,36,12,11,,,
b10b0d48-9ec7-4421-a961-1f5879437a46,accentuating.at,available,36,12,12,,,
db3d711d-3257-4cbc-8000-6ed904921f00,accentuation.at,available,54,72,12,,,
d7addbba-67e2-4824-b616-ac939dea12b8,acceptability.at,available,54,72,13,,,
06301bed-2c69-4c6a-b485-361e9f6d7ea2,acceptabill.at,available,36,72,13,,,
acd0a33c-4d02-4e74-84b1-4faddefc2737,acceptable.at,available,78,5,10,,,
554c938a-e13f-43f5-a2a0-854bdefc14a1,acceptably.at,available,48,72,10,,,
742ebd4f-ac18-4b08-a4a2-1d7a72fd7ac9,acceptance.at,available,70,84,10,,,
ad2e247c-4b11-497f-b1e5-43bb56531d2c,acceptances.at,available,36,16,11,,,
12bc23de-eead-45c3-818e-897af2f229c9,acceptancespeech.at,available,36,72,17,,,
f84499f4-a0f3-409b-92a7-503a835e8701,acceptancetest.at,available,54,72,15,,,
432b2dfa-60b3-4840-8d57-d4cb92c1eeb7,acceptant.at,available,78,1,9,,,
219a2100-d572-4180-8318-f5ce07fd6f98,acceptatfacevalue.at,available,56,72,20,,,
4afa144f-6033-429f-b548-f9919ed00561,accepted.at,available,78,6,8,,,
3f064b7f-5fd8-442a-8b81-473902bd337a,accepting.at,available,74,3,9,,,
2920b232-0f30-48b4-aada-185fb1f28a57,acceptingly.at,available,52,68,11,,,
d38126c4-103b-4e8d-a946-5d554a4f679b,acceptive.at,available,60,1,9,,,
aa1933df-89be-4cce-933e-30234522b6e2,acceptors.at,available,36,8,9,,,
83daa20c-eca6-4c18-b639-059cebb8e9bd,acceptperson.at,available,36,72,13,,,
dac0fa63-12f5-4600-abe5-6d23e69582d3,accepts.at,available,46,16,7,,,
2b280cab-1a58-46aa-9bf8-6c15b685f304,acceptservice.at,available,56,72,14,,,
1a9f8622-6922-4160-b0cf-a0b50bb1f1e3,access.at,premium,98,92,6,,,
5a0f787d-948e-468a-8c57-85897b2be08a,accessary.at,available,66,1,9,,,
96686ac3-3e6d-484e-9d43-d9eff40346a8,accesscharge.at,available,36,8,13,,,
3e859d9e-27d4-4d09-9ee6-3aeb67524a7a,accesscode.at,available,64,72,11,,,
84714aae-cc45-4101-a698-52265a8ae3bf,accesscontrol.at,available,54,84,14,,,
5b075e8b-df54-44be-8077-b493102b7f09,accessed.at,available,36,76,8,,,
b0bbc390-8f89-4a36-a88a-eaa643c2d3ca,accesses.at,available,36,12,8,,,
5e1bbd2f-9659-4318-8df2-a33e4dbd56fd,accessible.at,premium,78,21,10,,,
52bed11a-808d-40bc-b6c0-2a1fb858f310,accessing.at,available,36,72,9,,,
0548e66f-9563-4308-a8bc-3891e840485e,accession.at,available,76,72,9,,,
b34eca05-3305-468e-beab-c7f15764371e,accessions.at,available,36,8,10,,,
b3ed81dc-1a76-45b4-aa70-7bd837bf373f,accessories.at,premium,42,80,11,,,
7a5725d7-62a0-40c1-adfb-cd9786a16dae,accessorise.at,available,60,76,11,,,
3121939b-6fb6-4770-bada-2131de0bf83b,accessorized.at,available,52,76,12,,,
a4e047b5-e144-4c10-b7d5-db3f1b1c6d6b,accessory.at,available,84,9,9,,,
c690dc98-890b-46ed-b463-fa6d483d8c14,accessoryfruit.at,available,56,72,15,,,
e75cf9bd-250a-4269-aef8-70a8e53e3cdd,accesstime.at,available,54,80,11,,,
351da1b7-6338-40bf-a525-865ac67bc20d,accesstimes.at,available,36,8,12,,,
23bb84a0-b556-4eb5-87d9-9f2b52ef0ca3,accidental.at,available,78,11,10,,,
5c27f704-e3b9-4a0c-a874-cdad24085f5e,accidentals.at,available,36,0,11,,,
f2a33445-3b4c-4ac3-b4b6-530823749054,accidently.at,available,40,76,10,,,
0448d9cb-b2e0-48bf-ac79-2c6ff1ee44fb,accidents.at,available,36,64,9,,,
0b179181-a655-43fd-8248-03908b20ecc7,acclaimed.at,available,58,72,9,,,
c73b6b23-3b52-4861-8399-6e44787516da,acclaimers.at,available,44,8,10,,,
67abcb14-7264-419e-b779-ace29431d3ee,acclaiming.at,available,56,72,10,,,
202cee22-75a2-4331-9be3-551fc2443750,acclaims.at,available,44,12,8,,,
ce83007d-3226-44c9-a505-25c8856d47f4,acclamation.at,available,64,72,11,,,
21057daa-7567-45f4-b110-2a1564e41165,acclamations.at,available,46,72,12,,,
8b79dbb0-a387-428b-883a-c939cbdd5a39,acclimated.at,available,52,72,10,,,
150a006e-fd8b-4da1-b7c6-dc297b9dc4cb,acclimatement.at,available,54,72,13,,,
2fa0b3e0-49d2-4c92-8b75-f09d393a3fb0,acclimatize.at,available,64,84,11,,,
2cd2a697-4a9f-4be4-9868-3d0488a53d4e,accolade.at,available,82,80,8,,,
cf0d0f47-0488-4dc7-882e-1fe7798ce855,accolades.at,available,46,48,9,,,
cc67a191-4c02-4a1e-b127-8b1ddc8a3310,accommodate.at,available,92,76,11,,,
9a6421c6-20a0-4664-829d-b0cd85a814e7,accommodation.at,premium,62,84,13,,,
35fdbe81-3cdb-4bbf-8f0c-7753ec472490,accommodationbill.at,available,52,72,18,,,
7cf3121a-d1a9-49a2-a41e-d8a3584e2730,accommodationhouse.at,available,58,72,19,,,
a4e91766-c7e1-4a8c-89d9-75f6109bab8c,accommodations.at,available,44,28,14,,,
890037a3-a3dc-4f72-ae82-36a4c1ae0377,accommodative.at,available,52,72,13,,,
65dab672-96b9-4fde-9861-6ce7a548ccef,accompanist.at,available,54,76,11,,,
0f87c9dd-dc78-4d01-b877-1e1a6a1d59c1,accompanying.at,available,72,72,12,,,
52e5b9da-bddf-4fb8-96cc-9d41f96bc791,accomplish.at,available,66,76,10,,,
214f7c92-43ff-487c-a9fa-c9bdaba05479,accomplishable.at,available,58,72,14,,,
1e9f4ae1-40a8-4084-adea-645449464f6e,accomplished.at,available,74,80,12,,,
c3e2bd14-c9d3-4490-9c6b-2bd9e5d66c1c,accomplisher.at,available,60,72,12,,,
943c08fb-7afa-4d61-a18c-3b9bb7c83354,accomplishment.at,available,64,80,14,,,
f4af8ef6-4640-49ee-bf95-4b17eb364505,accomplishments.at,available,46,32,15,,,
d15e7696-5ccc-4708-a34b-d5cb1dd7a9b0,accordance.at,available,62,76,10,,,
f1fad6f0-15fc-4936-bee5-3e1e6cfc89fe,accordant.at,available,64,3,9,,,
97873183-75bd-44bf-8a1c-80d6c9ed4e7f,according.at,available,66,4,9,,,
3ba04a32-c809-4288-9b6e-b9cfb575c36f,accordion.at,available,80,80,9,,,
cc91cf3e-1169-4450-920d-0ccb866ddd1c,accordionfold.at,available,56,72,14,,,
8f1d0f8c-fae1-48ff-8b50-f841d2716ea0,accordionist.at,available,60,76,12,,,
f8ad89fe-0b47-403f-83f7-f02c32c6b489,accordionple.at,available,54,72,15,,,
0b46a2f4-37d3-41ba-8d22-c92c36abf406,accordionpleat.at,available,54,72,15,,,
3ec7d556-524e-4dae-843b-0b7181a2ea25,account.at,premium,98,88,7,,,
e752da8f-f773-435b-b30e-69cf05752c4a,accountability.at,available,74,80,14,,,
9c5dc876-377f-418b-9b72-7b0123e79aba,accountablemail.at,available,52,72,16,,,
477dab07-afa3-4aca-9992-687c9f08e707,accountableness.at,available,56,72,15,,,
1727d85b-d4a6-4517-9efa-a05c9bfd1a28,accountablerecords.at,available,34,4,19,,,
dc3b3a33-bf54-4050-984d-10d86c9ccb2b,accountably.at,available,48,84,11,,,
130d26f8-a4c0-4f68-8a82-023db8d9af80,accountancy.at,available,64,80,11,,,
a4e567ee-224a-45bd-8a03-286feec5066a,accountant.at,available,78,80,10,,,
c6d97b8e-d5c7-4d28-97f0-6c8439efbf0f,accountantgeneral.at,available,60,72,18,,,
2d892328-2522-4544-8cf9-fa0c846a7a2f,accountantships.at,available,34,16,15,,,
b0a2512a-da9e-4576-8be6-a40022358849,accountbalance.at,available,44,72,15,,,
a5fc0db5-6d06-41c7-9c55-619423ef73af,accountbook.at,available,62,72,12,,,
865fb8db-5c4c-455a-92e6-6520127a3a22,accountcode.at,available,56,72,12,,,
bbf157b1-32c0-4f1a-8e50-5c804d3942a6,accountcurrent.at,available,62,72,15,,,
4126ab6c-45b8-4a0e-bbeb-3993ff8c7ba3,accountday.at,available,56,72,11,,,
73408ac3-dbde-4cd4-bce2-9e674999ce6e,accountedfor.at,available,54,24,13,,,
3847e57a-9112-4443-871f-09bb2276a082,accountexecutive.at,available,56,80,17,,,
96edf8b7-72b7-4321-bb01-5e64a6267d7c,accountfor.at,available,64,72,11,,,
46c10e96-b615-4255-b512-00f0d398062e,accountholder.at,available,62,72,13,,,
f31a1726-3870-43c0-8ebb-85da2c63a778,accountingprofit.at,available,60,72,17,,,
8210d27d-cad6-4909-bfec-caec4026b726,accountkeeper.at,available,42,8,14,,,
4b17df82-8a9d-46f1-a3fa-c56ffebf90bd,accountman.at,available,62,72,11,,,
a92d6818-5cc0-4efc-b29c-06bd804ba156,accountmanager.at,available,62,76,15,,,
6506f9ae-c716-4300-a5b3-d80e992f92f5,accountment.at,available,52,72,11,,,
910b46ab-75ef-4054-9b42-714857232170,accountnumber.at,available,44,72,14,,,
9fe8c94e-b5bb-48c3-93aa-237e9ed48ea3,accountof.at,available,68,72,10,,,
fe3b69ae-8414-4420-b0f2-bce302775550,accountpayable.at,available,66,72,15,,,
66d6a4fc-4d09-4d40-85bc-db6639b086c0,accountreceivable.at,available,66,80,18,,,
6465ff6e-5696-49e7-b3c4-1a4e897b8d1b,accountspayable.at,available,66,28,16,,,
eafb870f-0076-46c1-ad29-6c56d79d58b8,accountsreceivable.at,available,66,36,19,,,
7646f48f-b60b-4de6-a1ca-09828f3393dc,accountstated.at,available,44,72,14,,,
b6f2af0d-e8ff-43fe-9bed-705d4b4e4aaa,accountstatement.at,available,66,72,17,,,
d1a8d707-f25a-49ee-8207-e070b7a4f617,accoupled.at,available,34,4,9,,,
c18ce50f-17f5-45a9-847b-ab3e56ad0cf3,accouplement.at,available,52,76,12,,,
0a4d2f6f-d812-4f76-a656-a6fd4891171e,accouples.at,available,34,4,9,,,
42ef4990-ee69-4d9c-9e54-388f60f2b686,accoupling.at,available,34,4,10,,,
c329a166-0e32-4051-af2a-4a521bfabd63,accouraged.at,available,34,4,10,,,
cdd68492-87fc-4763-bf85-263f8af16846,accourages.at,available,34,4,10,,,
969ad5a5-c9f7-4393-a273-6604a661b74a,accouraging.at,available,34,4,11,,,
71107254-420e-4df1-973e-2966136ef8e7,accourted.at,available,34,4,9,,,
20dd7dc2-3ea0-47f1-bfdd-82f1f23a932c,accourting.at,available,34,4,10,,,
30a0760e-b54d-46c8-840e-2dc129512624,accourts.at,available,34,12,8,,,
5bba0165-b1ea-4292-a364-e4b7292bf3bb,accoutered.at,available,56,1,10,,,
1cbab008-d92f-4167-b18d-5b42dc707472,accoutering.at,available,34,4,11,,,
ae0ef247-7de1-488e-915f-1372d9f727ba,accouterment.at,available,56,72,12,,,
03f053e3-14ef-4347-ad3d-f6a54cf59184,accouterments.at,available,34,76,13,,,
4b4d2b92-33b7-4fc3-b9e5-9fc0a332e53f,accouters.at,available,34,8,9,,,
3041e918-9bfb-4f79-a300-4700e8d57640,accoutred.at,available,58,1,9,,,
647bf148-3eab-4e26-aecd-50ad4e3e9702,accoutrement.at,available,54,80,12,,,
0aacba3e-e954-401b-92f9-95f99746f0fd,accoutrements.at,available,34,84,13,,,
6e7c498b-1e43-4198-b303-906bea31d252,accoutres.at,available,34,8,9,,,
8771cec7-81db-403b-852e-aa44c697ca9e,accoutring.at,available,34,4,10,,,
a9b2813e-0fee-404b-be0c-37a2f74c733f,accoyed.at,available,38,4,7,,,
0526c061-47c4-4b2b-a594-6d0eed1232ff,accoying.at,available,34,4,8,,,
1eb3ece3-b4cf-4157-a200-f9390a64fa1e,accoys.at,available,38,4,6,,,
ad49be0f-efe7-4084-a198-3ea755e17ae2,accredit.at,available,58,88,8,,,
9620544e-7712-4a57-b8df-71761a456845,accreditable.at,available,56,72,12,,,
69741ba1-de34-4d77-9e0d-c0f4f2fe9266,accreditational.at,available,52,72,15,,,
0bcd5468-ac87-43f1-9198-62dc2d710eeb,accreditations.at,available,44,24,14,,,
2fb8d6ef-4b9d-45ab-a7c0-e0cbf3ca5a32,accredited.at,available,68,9,10,,,
4f7a2bdd-a87e-4f90-8cc2-2eb78f8eab56,accrediting.at,available,44,72,11,,,
399903e8-93f1-4f71-a040-e38e2515e490,accredition.at,available,56,72,11,,,
8eb9b856-d90b-4ec4-adcf-bc29b51896e7,accreditment.at,available,56,72,12,,,
ddfe4e3c-3f43-4537-8486-bc3e0401cd7e,accreditor.at,available,58,88,10,,,
98a29cd1-1051-444e-8c14-405e3251a302,accredits.at,available,44,8,9,,,
15ed25da-21bd-437f-a306-c9a275188c87,accreditwith.at,available,64,72,13,,,
3cfc4195-8db1-4a7c-91b4-d06cb6ede44f,accrementitial.at,available,34,72,14,,,
80115299-264c-49ec-b882-373a242bf1f8,accrementition.at,available,52,72,14,,,
62f6b11f-3f8c-491d-b989-ea387755946e,accrementitions.at,available,34,4,15,,,
f2195020-acd0-4c8a-a02d-60c24fc900f6,accresced.at,available,34,4,9,,,
f1031acc-165c-414d-bffc-02f5d549abf6,accrescence.at,available,52,76,11,,,
5f956e66-3511-4a8d-8c6f-a1fe275a20ba,accrescences.at,available,34,4,12,,,
cb371db1-4470-4560-95db-0599e7872683,accresces.at,available,34,4,9,,,
35bfad1e-9dda-4fbe-9f5c-f76652774083,accrescing.at,available,34,4,10,,,
85348c47-1bd7-485d-83e9-0b395355d37a,accreted.at,available,34,4,8,,,
dfa9cffa-f5db-4821-8332-9a74a3bbf5c0,accretes.at,available,34,8,8,,,
457bdfe0-dbf7-4ac3-b09b-67586e4afe05,accreting.at,available,34,12,9,,,
97a9e25f-5191-4c7a-a284-2d1f159079b2,accretional.at,available,48,72,11,,,
6ec16da0-9bf9-4c47-98a8-d48ba679d620,accretiondisc.at,available,56,72,14,,,
14eacc74-5edc-4d0f-a36d-d3a1a76fd270,accretiondisk.at,available,56,72,14,,,
6fab3723-1e78-4364-8f22-42847b7bc7a3,accretions.at,available,34,8,10,,,
f6b72eaf-4c12-4494-94a4-2d6f342de39f,accretive.at,available,58,6,9,,,
87d82618-7cd1-4828-87c5-dcd1806c2d3e,accrimination.at,available,52,76,13,,,
8257abec-adee-485c-afd9-b31535e8f7f2,accroached.at,available,34,4,10,,,
08b58f7e-22ea-4b84-9709-e2a98ba1ffed,accroachement.at,available,34,72,13,,,
02d7a565-c6eb-449d-9387-43be8c62c0bb,accroaches.at,available,34,4,10,,,
e5436f84-49e9-4fd7-b8e7-e4b10f273d69,accroaching.at,available,34,4,11,,,
57e7705a-53fc-416b-af8b-f1b1209768d2,accroachments.at,available,34,4,13,,,
0fd837d5-684d-48d2-b814-66fd9971589c,accrualbasis.at,available,60,72,13,,,
f1ced3da-f561-44e1-a5d4-8107d9b45151,accruals.at,available,42,36,8,,,
bd54556f-74b5-437e-bbcd-2bbfa3397cf2,accrue.at,available,80,80,6,,,
838565bc-5e4a-440d-bd09-e6cdf02f2815,accrued.at,available,62,3,7,,,
12586b9e-4aa5-4e63-ad94-3b46090d50cb,accrues.at,available,46,8,7,,,
9cc183cc-3ebc-4570-ae80-48c4b1a8d299,accruing.at,available,54,72,8,,,
974ae551-ad7a-460e-968a-de7e7baf470d,accubation.at,available,52,76,10,,,
eb533cf9-c5a1-4cba-841c-16c0c0074a93,acculturation.at,available,52,76,13,,,
4a83f5c7-17ef-458d-86a7-b6993671352d,acculturationmodel.at,available,52,4,19,,,
d1d44833-958a-4729-b05a-143bf79db3e7,accumbency.at,available,52,72,10,,,
63590c49-8be7-481e-ad47-bd44c557614a,accumbent.at,available,70,1,9,,,
eb7d8f6e-b279-4cbb-9f79-4e6adfb824b4,accumbents.at,available,34,4,10,,,
58da2a9a-5d9d-4ef2-9b02-a56edbd0eca5,accumbered.at,available,34,4,10,,,
9ebb589b-b975-454a-9f83-363504972a76,accumbering.at,available,34,4,11,,,
9eb35914-1fc5-4f51-8a1e-0358d1969adb,accumbers.at,available,34,4,9,,,
c24cf2ed-f83d-4d28-867c-d5d607a434ae,accumulate.at,available,72,80,10,,,
b2d3947e-4b4a-4e17-99b0-ec7b3626f2e7,accumulated.at,available,54,68,11,,,
9d8af3f7-8964-4446-b7ba-bd065d0ed97f,accumulates.at,available,42,4,11,,,
0b7291ef-13b8-4ebf-abaa-d80fef4daf74,accumulating.at,available,42,68,12,,,
b139d3d0-7594-4550-a2b9-548f31b2052e,accumulatio.at,available,52,8,11,,,
c9df768d-e004-4e16-bbd3-41b6c3f893cf,accumulation.at,available,60,84,12,,,
34115116-7c67-4bc8-87d0-d3ec73936c2f,accumulational.at,available,48,72,14,,,
b0b4ecc5-1449-40ce-91db-9b54090fdd91,accumulations.at,available,42,16,13,,,
3a8b8432-a11c-49b5-ae96-8065670bc5a7,accumulatios.at,available,34,4,12,,,
1d4d33f3-405c-4334-9b39-1083fc1296cc,accumulator.at,available,60,84,11,,,
08986d8b-bf1b-4900-b5ca-25d3caef8ef8,accuracy.at,available,70,88,8,,,
f2c1bc4c-cb9b-42d8-abcf-a83baeadbd9b,accurate.at,available,78,16,8,,,
76f70eb8-68f9-4df3-8cad-f096e796f6aa,accurately.at,available,72,80,10,,,
0f1b3af0-16fc-474a-ac36-96080aea8764,accursed.at,available,54,3,8,,,
2a46654c-4c77-4a39-a2a4-15b4e06e0da4,accusable.at,available,48,72,9,,,
29bd3c6a-056c-4397-a9b2-4e5e00337a5b,accusative.at,available,72,1,10,,,
e58de472-ab97-437c-8853-c105ae014162,accusativecase.at,available,58,72,15,,,
9df18ac6-4ac5-464a-86b7-8a5db47f6e1d,accusatory.at,available,44,1,10,,,
e9e8e3b3-5241-4f85-acfb-524807782c52,accusing.at,available,62,1,8,,,
8a8b16a3-611e-441e-8ee8-f9b31e645500,accusive.at,available,40,1,8,,,
e4a4462e-89eb-4355-85a9-e332f2f24d36,accustom.at,available,76,76,8,,,
d4e9ea24-8edc-4d70-8de1-93c5f2b27723,accustomed.at,available,72,1,10,,,
a45b7de8-ab85-427d-8090-74420b18a7df,accustomedly.at,available,54,72,12,,,
33dc5295-32e8-4ef0-a46d-04aa0f5f16d9,acebutolol.at,available,54,72,10,,,
f50fcd69-5306-460c-a0e5-85a3943ac19b,ACEinhibitor.at,available,62,72,13,,,
b66a5b58-43e8-4f8f-8d38-11756aa79bcd,acellular.at,available,50,1,9,,,
6e331c94-589f-4214-be2b-6526a811da8c,acentric.at,available,64,2,8,,,
82fea1aa-9ffc-4e1c-bbce-036c12140fc2,acephalous.at,available,46,1,10,,,
e88c49fa-be26-475d-b983-bbbdbfc61581,acer.at,available,66,92,4,,,
c4e00918-ed7b-4c21-8068-58018178dce8,acerate.at,available,68,2,7,,,
9c342917-ca91-4cc0-a72c-88cce9345f09,acerb.at,available,50,2,5,,,
434d8bf5-ad2c-4cc0-83a4-99009a814265,acerbic.at,available,50,3,7,,,
f47d9efb-bfc2-4257-a888-992b56d351f2,acerola.at,available,60,84,7,,,
805f4e1f-d1de-43a8-90bd-40dd846218f7,acerose.at,available,50,2,7,,,
24449ea7-bb71-4697-ab41-47cc7b15838c,acervate.at,available,66,1,8,,,
8f75bbee-b534-4d85-aa78-6856e5070750,acetabular.at,available,46,1,10,,,
777d6b65-45e1-45a5-9286-1ccd2f6907ef,acetaminophen.at,available,54,68,13,,,
2df411d7-5ec3-4659-a142-fd462b2b3604,acetate.at,available,58,72,7,,,
c6b94403-b9c6-4b77-83cd-f569a765b7a4,acetic.at,available,58,1,6,,,
f561efc9-0e81-42e6-9ed5-1b39ae5d059a,acetone.at,available,62,84,7,,,
f9c489d7-b2db-4127-ab8f-19bd568b4623,acetonic.at,available,46,1,8,,,
8c6dc409-0f40-413e-9c2e-d47b08eb7119,acetose.at,available,50,1,7,,,
081a0118-12cc-4896-9543-64d296f54334,acetous.at,available,50,1,7,,,
30f75a8f-ee02-47d2-a59b-23d8df852bc2,acetylene.at,available,54,80,9,,,
3ad462e2-7c96-4a50-8aa7-3c4c67b39103,acetylenic.at,available,46,1,10,,,
56132ee1-9e0e-496a-8cde-b6699b55895a,acetylic.at,available,46,1,8,,,
a18bdff6-860c-4ae4-aa98-e02df1f3bff5,achaean.at,available,68,2,7,,,
cac6c3cb-0dfc-4ebc-a8b1-61c787ceac51,achaian.at,available,68,2,7,,,
1b7e0929-f3f0-4081-b5f5-fe35dc386a5a,achenial.at,available,46,1,8,,,
abc69421-042d-4679-b019-48d2f10105b9,acheronian.at,available,46,1,10,,,
88c1362f-9dbf-4cce-895e-a06d7fb1b64a,acherontic.at,available,44,2,10,,,
d3636147-758c-427d-8fdd-160692fc3611,achievable.at,available,74,5,10,,,
0eae4ea9-69c2-4749-bb8b-40d92f5283fe,achieve.at,resell,72,84,7,Hosting concepts B.V. / Registrar.eu ( https://nic.at/registrar/648 ),,
168d3f9f-6f92-4b7a-a123-d79adcbc8c8c,achieved.at,available,66,80,8,,,
c36844c5-85e0-4f3b-a4e8-ba9e3448840e,achievement.at,available,70,88,11,,,
29970d63-dfd0-4e8c-bd9c-ac7e2b3a356a,achievementquotient.at,available,58,72,20,,,
a461be39-8e5c-4efa-9fa5-8b40d8a3ab09,achievements.at,available,52,44,12,,,
488c9f51-9bd0-46e6-804b-2ff45fafc68e,achievementunlocked.at,available,68,84,20,,,
1266602f-e9d4-4185-9d3e-e73f497c78b4,achiever.at,available,78,80,8,,,
1e51980b-6f22-45a3-ae41-e75f29158209,achieves.at,available,52,20,8,,,
0e51ddd6-560f-4091-8da0-74c40bfae599,achieving.at,available,70,68,9,,,
d164a23b-db95-434a-86c1-a30227e187d8,Achillesheel.at,available,66,80,13,,,
a15484d9-8b59-4dcc-b7ac-ef47133bec56,Achillestendon.at,available,54,72,15,,,
b2474819-8777-4e4d-948d-6ebe56984415,aching.at,available,72,4,6,,,
e20de30b-784d-4fb9-91bb-a7717fbf992a,achoo.at,available,64,84,5,,,
aec1e273-1543-4307-adb3-617ae28b4f98,achromatic.at,available,54,5,10,,,
fe521200-409d-4f86-942a-ffe20b7d2097,achromic.at,available,46,2,8,,,
3cc063e1-52fc-4a6b-9b86-967269f81836,achromous.at,available,46,1,9,,,
124cafdf-81c7-4215-b5f9-a0ffcc10b26d,achronic.at,available,52,76,8,,,
77d8c2fe-9e4b-4f0a-a81e-a5e47869dc2e,achy.at,available,54,3,4,,,
42d1279e-5f97-4bc4-8367-8bd933bb07c0,acicular.at,available,46,2,8,,,
ef65cb67-4fb5-413d-808d-d2f2bdf1cff7,aciculate.at,available,46,1,9,,,
927ed4f9-b011-47e4-bcbf-bee6c3d07944,acidbase.at,available,58,84,9,,,
325f16de-1b5a-4be8-857b-33ed04066ccf,acidbaseindicator.at,available,60,72,19,,,
479f484b-6cf4-416d-ad0b-6a4d85dc7775,acidfast.at,available,46,1,9,,,
f9a5c350-4b70-49e6-82cf-a22f53a4c3dd,acidfree.at,available,62,72,9,,,
f94911f7-679c-455b-bbda-0a82bfc71a44,acidic.at,available,62,5,6,,,
ef7eceb4-cbf6-4af3-9312-112cb45b5983,acidification.at,available,58,72,13,,,
9d0864df-61cd-4530-a685-ecf846f33950,acidifies.at,available,36,4,9,,,
77d22b53-fc78-4700-be6f-f8648167aa5f,acidifying.at,available,36,72,10,,,
79dd8d52-e67c-4621-84ac-19dce9524187,acidizable.at,available,36,4,10,,,
b20b78c4-9bb5-460d-8d28-e9f92a84d6ce,acidization.at,available,54,72,11,,,
78980fec-b53f-4d23-9f16-a1c820028db9,acidless.at,available,50,72,8,,,
19d514d3-89a2-4e54-92d1-a91f116f67e6,acidness.at,available,54,72,8,,,
b111a083-3b8b-4a10-8002-5835029c261a,acidobacterial.at,available,50,4,14,,,
fc2f4ded-cfa9-408c-b7f3-400ed6bbd94b,acidobacterium.at,available,54,4,14,,,
0ab467c7-4021-4350-b7c5-8a8796417a30,acidochromic.at,available,50,4,12,,,
a20faee9-df0a-4c7b-9412-e327c144c55a,acidofamber.at,available,58,72,13,,,
fd6e3b4b-5ab0-4adf-861a-c170711a993b,acidofants.at,available,56,72,12,,,
59d74cb9-7e1e-4e2f-b5d4-fe7a879dc538,acidofapples.at,available,64,72,14,,,
948f444f-e176-4796-9a7d-ccc3bf0afceb,acidoflemon.at,available,70,72,13,,,
30c533d4-8323-4dd2-8db0-97ab2d98a091,acidofmilk.at,available,62,72,12,,,
afb3e859-9900-4177-b960-eed907bdb6df,acidofsalt.at,available,56,72,12,,,
fde33877-04a5-44ac-8fd2-18e1e79d97f8,acidofsugar.at,available,62,72,13,,,
ec1dc67e-48cb-4862-b936-1f06014dacf8,acidogenesis.at,available,54,72,12,,,
8bf76b2c-befb-4a32-b8c2-7158b052ada8,acidogenic.at,available,50,72,10,,,
99d83e8d-2f3a-4a99-8779-670332b0444d,acidolysis.at,available,54,72,10,,,
5f16e6af-703c-4d25-a15d-a866d931c764,acidophilia.at,available,54,72,11,,,
310268b9-fbd6-4b28-bbae-957446603df0,acidophilicity.at,available,54,4,14,,,
25cef4b6-1095-4383-a923-dbb1bf8751dc,acidophilous.at,available,50,4,12,,,
cbd0c072-8b5b-4241-9a09-9f2cdc0acf72,acidophils.at,available,36,0,10,,,
0430e0e5-d2bd-446e-98df-4540119356fb,acidophilus.at,available,54,12,11,,,
b7084123-cb14-4f7a-928e-05581bb9bba9,acidophobia.at,available,36,4,11,,,
e11fc7fc-1731-4221-ad2c-db36d9143170,acidostabilization.at,available,54,4,18,,,
63826024-81d7-409b-87a1-5690415114db,acidotic.at,available,46,1,8,,,
abb155fe-7de8-4739-a5df-7b0a145682ab,acidotoxicity.at,available,54,72,13,,,
390efd57-dd03-4247-9a4b-821766ed1725,acidproof.at,available,42,72,10,,,
4e241948-2ed0-44ae-ae7a-f9f5b88cef1b,acidresistant.at,available,56,72,14,,,
ad3c039a-8c44-469e-a9b8-a5808e8212bc,acidrock.at,available,62,72,9,,,
eb5cf41f-ac29-4081-b573-1ec0ac110620,acids.at,available,50,76,5,,,
5515ffe4-2923-4971-bc63-b18e2a9ffe87,acidstable.at,available,56,72,11,,,
1c6c4d8c-1785-45d1-936b-ffa92be2434a,acidtest.at,available,54,76,9,,,
fa3efbfe-62e6-4881-b58d-72e4c4accbc2,acidtestratio.at,available,40,8,15,,,
1496685b-0869-42d1-9526-7805c3e86982,acidulates.at,available,36,4,10,,,
e1d55176-699c-481d-86cf-5dbe75032af3,acidulating.at,available,36,4,11,,,
bce25699-4bc5-442c-b5a0-31f85ad9dd7a,acidulation.at,available,54,4,11,,,
3b28f40e-3e20-41b7-b160-b6e201a50566,acidulent.at,available,46,1,9,,,
e708adf2-b7f6-4b0d-a466-aa28c84a7066,acidulous.at,available,44,1,9,,,
2f3b84cb-23a6-41f1-a9c5-d25d45a7ccf3,acidulousness.at,available,54,4,13,,,
b946269d-195d-455b-8237-4bba347b19a8,AcidumBoricum.at,available,36,4,14,,,
73bd3e53-80ce-4675-9671-cebab08707e0,aciduria.at,available,54,72,8,,,
cf3e6e3e-73c1-49d1-b93e-659933ea96a6,aciduric.at,available,46,1,8,,,
6f6d2cea-c5b2-42e2-84f0-24d39701a3fc,acidwashable.at,available,52,72,13,,,
8ea77513-debd-4f79-b4ef-c996f9cc1f39,acidwashing.at,available,40,8,12,,,
1d91c6f9-dac2-49fb-8c93-0f27723687db,acierage.at,available,54,72,8,,,
c1aaee76-944d-44c0-8d22-33e454616269,acies.at,available,58,68,5,,,
6a54d7dd-2bc0-44d5-b72f-bd0a6e3e8736,aciform.at,available,54,4,7,,,
259ce155-d68c-4ffd-8e4c-6af4aa9cb81f,acinaces.at,available,54,8,8,,,
7e72ea28-ae8c-4903-a0f4-1ca4ad316e35,acinaciform.at,available,50,0,11,,,
c83c39eb-f494-4da7-bd29-03748da236d1,acinal.at,available,54,12,6,,,
48c08278-aac3-476b-b053-a5f85aa1d86f,acinar.at,available,50,2,6,,,
0c2d3ef6-b64f-4e97-b7c5-b4b1ee0095f7,acinesia.at,available,36,4,8,,,
382a2521-c648-4894-b1ab-5879e51924ad,Acinetae.at,available,36,4,8,,,
82652fcc-f507-4c8b-a732-c05f7011160c,acinetiform.at,available,50,4,11,,,
19354572-1a02-4aef-aff1-439ac3ee681d,acing.at,available,40,32,5,,,
54f142fa-25d0-43c6-aa1e-508377f01ef1,acini.at,available,40,4,5,,,
47198a4f-16e2-4368-8053-295cbc76f431,acinic.at,available,50,1,6,,,
fc481d0f-f7a9-4924-a893-02be9b951713,acinitis.at,available,54,4,8,,,
961c0a20-d4f8-4abd-ad08-077037ffd5c1,acinose.at,available,50,1,7,,,
b35d07b7-eae6-4828-8c93-c206b6f13763,acinotubular.at,available,50,72,12,,,
b504fd29-eddc-4943-a086-f65328a5b50d,acinous.at,available,50,1,7,,,
ecdb0eb7-148a-4386-8738-3e2977a235b7,ACIR.at,available,58,36,4,,,
a96a3fd8-e489-4975-a1d3-220c366eef26,acitretin.at,available,54,72,9,,,
6323e16c-1889-4b00-9157-f5e6b09cae7c,aciurgy.at,available,58,8,7,,,
6e6cbfc7-0d85-4cf1-bb54-dd88729f1c68,ackack.at,available,58,3,7,,,
11ebe300-fd7f-4b0e-8f77-7054067b682c,ackacks.at,available,36,4,8,,,
0c6a54b0-f27f-4971-b55f-19b6853c6271,acknowelege.at,available,58,72,11,,,
189363e3-6155-458b-a561-4735055c7bd3,acknowledge.at,available,74,76,11,,,
92699fb6-1203-4eb8-bc56-8484ec0454c2,acknowledgeable.at,available,58,72,15,,,
10f45d38-5408-48c4-8309-1bad3a0e0b31,acknowledged.at,available,66,72,12,,,
140798e4-3f40-46db-b019-425b246c6c8f,acknowledges.at,available,,8,12,,,
c9549538-82a2-4d79-9de0-417330f18a59,acknowledging.at,available,76,72,13,,,
0e0504b0-55fa-4391-8eb9-98e4e0778482,ACL.at,available,58,76,3,,,
4cd04458-5c2a-4b34-ae42-63576d8e73c8,acmes.at,available,,24,5,,,
8809ce89-4ed5-40f6-836f-cd2049bbaaa8,acned.at,available,43,1,5,,,
2b32a29b-b205-40e8-a511-89657472d665,acneiform.at,available,39,1,9,,,
1b2756d0-cb5e-4791-a936-ad698fef0070,acnerosacea.at,available,,20,12,,,
979f723f-d8e8-4264-8ba8-d219ffa3d12c,acnevulgaris.at,available,,12,13,,,
9ba7808e-9e73-4d75-adec-2c9e491f5e83,acold.at,available,51,2,5,,,
c9aad983-96cc-4b3a-8f22-f021f6302f98,acolyte.at,available,58,88,7,,,
dd27d3e7-005b-4068-8988-f64ac3cb0b45,acorn.at,available,66,84,5,,,
fb493674-e281-43c0-9c00-9c73935099d5,acorns.at,available,56,40,6,,,
9b10cfd2-ad2b-4533-b60f-37a5bba84271,acornsquash.at,available,64,72,12,,,
1b34c9e0-a7d7-41df-8106-40e9edfd6d5c,acoumeter.at,available,52,72,9,,,
633240ed-6a1d-4d0a-b7d6-06e549e0e3ae,acoustic.at,available,76,14,8,,,
b32f0ad3-1e14-4dfc-828b-af525dbf2f7d,acoustical.at,available,54,5,10,,,
546fc50a-d637-4736-aadb-33709656720c,acousticguitar.at,available,66,76,15,,,
b3bd606a-8a73-4b55-ac18-ac85408efd2b,acoustician.at,available,56,84,11,,,
aa5bb0fc-77c4-4ad3-991d-5f2c64aa4d69,acousticmirror.at,available,60,72,15,,,
b386c72f-5484-483c-a025-a763c67c592b,acoustics.at,available,58,80,9,,,
3fd2fe9b-8207-46f7-b29d-e337c0efe6cd,acquaint.at,available,72,88,8,,,
68ad6944-ba32-4c7b-8321-80fea2c63455,acquaintable.at,available,60,72,12,,,
c2f985e4-f66f-444b-89ff-eeddb14246fb,acquaintance.at,available,64,76,12,,,
511ca53d-9b66-45e8-b5c6-0c0c83ff0241,acquaintances.at,available,46,12,13,,,
ae2938a9-4ef5-456c-a02d-708c0b537453,acquainted.at,available,62,80,10,,,
11fbd12f-91c3-426d-b17e-bacb02662213,acquaintedwith.at,available,46,72,15,,,
6916adf0-28af-4e84-989d-6aff1bdc2e50,acquiesce.at,available,58,76,9,,,
7d5f2b56-ecd6-4312-a8ea-fc4f596df9a0,acquiescent.at,available,50,72,11,,,
c143229f-b9d5-4572-866b-2a3a9c71fc47,acquirable.at,available,47,2,10,,,
bdd62a8f-4f26-4008-8495-95a6edb40411,acquire.at,available,76,72,7,,,
10455f62-6c6f-47c2-b80b-d42b238d82e1,acquired.at,available,47,8,8,,,
8bd9f239-9a99-4330-a15e-4ddfa5a0e113,acquiredtaste.at,available,56,84,14,,,
fabc6fe5-db31-47fd-adfc-8596a245797e,acquirer.at,available,56,84,8,,,
3f5b0afb-bb32-4583-b953-77c3e9fb50db,acquiring.at,available,58,84,9,,,
698236c2-f89a-4e12-91da-c3cdd8289632,acquisition.at,premium,64,84,11,,,
8e1c00cd-4dfd-45e0-b0e5-4bc5d264d0f1,acquisitions.at,available,46,48,12,,,
e86d32cb-30b8-4023-b521-cce612585983,acquisitive.at,available,48,76,11,,,
376c66d4-8adc-411b-b28a-e72983c1ce65,acquisitor.at,available,58,72,10,,,
6b28a615-358d-4b76-b698-48e0421e1d6a,acquit.at,available,62,84,6,,,
24d31fac-45cf-4b7d-9327-06c4cdf83bcf,acquittal.at,available,56,76,9,,,
7c445255-20b8-44ac-9499-11381059f247,acquitted.at,available,50,1,9,,,
2ab99d70-7a74-4179-83b8-fa22f7699458,acre.at,available,62,88,4,,,
d4e72ae3-b0fd-4f01-b4bb-395ad5c32627,acreage.at,available,62,76,7,,,
6dae261b-1d43-4225-b81d-758cbb64a0fe,Acreantshrike.at,available,60,72,14,,,
7004f243-7deb-40c3-a3f0-90b99fa3e472,acres.at,available,66,80,5,,,
2bceb736-a72d-40e1-b41d-2110b36c1c9f,acrid.at,available,47,2,5,,,
a8067068-a369-47ea-905b-ef0143dbea24,acritical.at,available,46,1,9,,,
d57908b2-564e-47cc-936f-0db252d252b1,acrobat.at,available,92,88,7,,,
d97a2316-4aaf-4a2c-94da-7b6c69aca5b1,acrobatic.at,available,66,4,9,,,
a5398197-1b7b-4efb-9aeb-55bfc3de7ff5,acrobaticgymnastics.at,available,62,8,20,,,
5a46ccbd-1c04-484e-810e-5cdf5fee6598,acrobatics.at,available,64,80,10,,,
806ebd9d-3310-4a4e-9069-5f0bc215b8ac,acrobats.at,available,46,72,8,,,
e78ace95-bb18-459b-bcc8-1c8601d6dbe4,acrogenic.at,available,46,1,9,,,
174811af-849f-4516-9f63-3bd2917bb0d6,acrogenous.at,available,46,1,10,,,
a8a0f81c-2da3-4e15-91be-34052da3539c,acronym.at,resell,94,80,7,EWBCD GmbH ( https://nic.at/registrar/750 ),,
84a42268-3be3-4ba2-b259-59424f0544b9,acronymic.at,available,46,1,9,,,
594e4e5a-4c4c-4700-a32b-41a6733a2843,acronymous.at,available,46,2,10,,,
5318ccfe-56c3-4eda-a22b-6c0759ce6302,acronyms.at,available,52,20,8,,,
4cb7f89d-814b-488e-bc65-7c75aaafe51c,acropetal.at,available,46,1,9,,,
472735af-0ec4-4739-9384-3b694a1a296e,acrophobic.at,available,64,1,10,,,
c9381352-570e-4d24-a443-1de0619da9d2,acrophonic.at,available,52,72,10,,,
76a59292-b7d5-4ee5-ba7a-9f13c802b3de,acroscopic.at,available,46,1,10,,,
d5c3c4ca-b3ae-4f4f-8668-826b93125254,acrosstheboard.at,available,58,80,16,,,
fc78def7-851a-434b-9570-7da6c2aa5106,acrosstheditch.at,available,46,72,16,,,
619abd42-37f0-45b3-8954-04770fbb5d36,acrosstheline.at,available,62,80,15,,,
9c075ef2-396a-4ec6-904d-fd73b044d0cf,acrossthepond.at,available,46,80,15,,,
625c2718-d357-4145-bbe1-4b3b10468f69,acrosstheway.at,available,46,68,14,,,
0ed7733e-f8f5-4931-8d9a-b7fdf6731ba4,acrossvariable.at,available,52,72,15,,,
0b7c29cd-3dc5-4449-a9d4-92526b0fb02d,acrosswise.at,available,54,72,10,,,
ac2cf2a9-4c41-4046-b8ec-d32ac13e8117,acrostic.at,available,66,72,8,,,
4b3036fe-fb17-4148-85f1-294d48808104,Acroyoga.at,available,64,52,8,,,
024f4aa9-00f1-41be-96e8-1fae7dd7ea5c,acrylic.at,available,80,80,7,,,
0b44ee79-0470-4b74-90e6-481eb1db109b,acrylicresin.at,available,62,72,13,,,
28381ccf-4997-477d-9056-e83adb02e9a6,actable.at,available,50,3,7,,,
dd9f4649-3f01-4d74-9748-d258d8a26260,actafool.at,available,66,72,10,,,
8f924de9-7ba5-4fa6-bc66-ec19f40af324,actasaguineapig.at,available,46,72,19,,,
d0bd8bda-cd65-457a-b3ce-4d0eb9aba952,actchicken.at,available,66,72,11,,,
6310e6d8-7139-44f3-a7dd-4864c5265f4d,acted.at,available,50,72,5,,,
165354d1-b617-4e4d-944f-f9d52a423aea,actedout.at,available,60,4,9,,,
1de322bd-992f-4ba2-abbf-1234601b3725,Acteon.at,available,60,84,6,,,
d8f60a73-ccb2-4a5c-a08d-99fd79cb238f,actinal.at,available,50,1,7,,,
8645ea60-6bfc-4ed8-8523-5582c8b0bea5,acting.at,available,84,12,6,,,
ecb37af7-cfd8-4978-9149-888946157ba2,actinic.at,available,50,2,7,,,
56d1f79e-037d-46a2-8c0a-8dcfcdf19fdc,actinide.at,available,46,2,8,,,
19baa463-b1ff-4a65-80fb-53d1357f6e2c,actinoid.at,available,64,2,8,,,
2d67caee-42bf-4f82-bfec-3d77c2b4f490,actinon.at,available,54,2,7,,,
440b458f-faac-4dd7-8bd5-8abf37d490ef,actionable.at,available,88,13,10,,,
f1a212e0-8f19-4bda-8950-2b73d75a6507,actionadventure.at,available,72,72,16,,,
75b85288-b13e-4480-a006-26ea664b8247,actionadventures.at,available,56,12,17,,,
58275483-656a-46ea-9123-a56a73e91639,actionatadistance.at,available,54,72,20,,,
b4806cfe-1f37-4d27-8a44-77660f475c1c,actionbased.at,available,36,8,12,,,
d0132750-5dff-4cf4-b59c-9e15d067a939,actiondoll.at,available,70,72,11,,,
79791810-0b2c-4e6b-a154-34b876f5e8c7,actiondolls.at,available,56,12,12,,,
bcb7378f-e3e9-4df1-905c-64fb57d8c175,actioner.at,available,62,72,8,,,
b8dd38b5-861a-4737-ad56-8ea1359d6eaa,actionfigure.at,available,66,88,13,,,
f7cdfbb2-2d19-440e-ac0f-21130703bb11,actionfigures.at,available,56,48,14,,,
adbf6608-408b-4d1f-8581-80fa0f7cd13c,actionfilm.at,available,64,72,11,,,
18ed8bde-61ce-4ac6-bd9a-c524f0db7939,actionforcing.at,available,36,72,14,,,
a473077e-9a35-4f88-ae27-c9121c862cb3,actiongame.at,available,74,72,11,,,
39f4115e-d888-401a-8bcd-7b7225f88653,actiongroup.at,available,66,80,12,,,
c9ddbe6c-7cb6-48f3-b9ff-de6aaed6f2f5,actionhero.at,available,74,76,11,,,
b09d8e12-21f1-4076-9b37-116568cabe92,actionitem.at,available,56,76,11,,,
8941d042-6070-4b48-ae52-8f324468a6b4,actionman.at,available,74,72,10,,,
87bedcb6-f0c9-44c4-bfd1-0bf7db302d13,actionmovie.at,available,64,76,12,,,
86638f5c-b9c4-4070-8b9e-4925456adaf2,actionmovies.at,available,56,8,13,,,
b10443dd-bc73-449e-8aeb-de528c7c89cb,actionpainting.at,available,54,68,15,,,
f5aa0664-dbeb-4c8f-bded-956cff29e104,actionplan.at,available,58,80,11,,,
79cc8159-e56f-4231-8916-aeaeee780ef7,actionpotential.at,available,58,88,16,,,
d8caddf2-ea15-4c71-aea5-e26421667a42,actionreplay.at,available,60,68,13,,,
7ee43e25-3601-4581-bd92-8ba6069faf39,actionresearch.at,available,54,84,15,,,
9b1d08b1-d5a9-49b6-bd1e-be1ff5e42b1f,actions.at,available,54,84,7,,,
751da490-964f-4651-8ded-0f3f8bd6b92d,actionspace.at,available,60,80,12,,,
45dddcd8-a3a2-40e5-b35d-488e6d22e91d,actionsport.at,available,64,72,12,,,
e618f42e-f4fd-489d-8036-cd0044a0c6e5,actionstations.at,available,54,72,15,,,
23e2f23d-f823-44d3-bd62-65d787b977d5,actionteaching.at,available,54,72,15,,,
d144e1a9-cace-4482-bf10-7d0a62c3bfdb,actionverb.at,available,58,76,11,,,
24c49831-a01a-4f22-a86c-23e32dd122a7,actionword.at,available,56,76,11,,,
2df2da6b-cb25-405c-9ffd-11ce843d3873,activated.at,available,74,9,9,,,
a6cf62bc-8da5-478b-8a37-ada36feff179,activatedcarbon.at,available,54,32,16,,,
17ac7fe3-271a-49fa-97c1-2b1435f47015,activatedcharcoal.at,available,54,80,18,,,
14b946da-278c-4b33-bf1d-0ce5948bbd3f,activates.at,available,36,20,9,,,
2b252c0e-d422-4077-b594-f3e9b6d561af,activating.at,available,68,3,10,,,
ea2d38fe-a3b4-4611-8743-349e5058071a,activations.at,available,36,44,11,,,
baa7ffd2-f170-43ce-ba0f-0a992088ffed,activator.at,available,54,84,9,,,
e82193b1-3be6-4d18-8500-77e85bdc0e61,activeaccount.at,available,36,72,14,,,
d14068cd-60d4-412b-b09c-2a2bf65d8e0a,activecouple.at,available,62,76,13,,,
be938f8d-a3f5-4aea-ae5b-5d740e3d4dc2,activecouples.at,available,50,8,14,,,
e7aaddb1-a047-43db-8a28-9c12f89c4009,activeduty.at,available,54,76,11,,,
f9147611-6cb0-424b-95d0-98c38f650a18,activegalaxy.at,available,56,72,13,,,
972f66c0-afdf-414a-820c-ef875f17fcdb,activeingredient.at,available,58,76,17,,,
c86e5149-0c3f-4639-b235-ead5897466fb,activelearning.at,available,54,80,15,,,
396a9a58-9ca7-429f-97f1-609231aca6af,activelistening.at,available,68,76,16,,,
64af9da7-66ec-4cb6-84eb-dee014ada7af,actively.at,available,68,80,8,,,
98dea988-063d-4fa9-a313-21653e2d261f,activeness.at,available,56,72,10,,,
952e8a41-3571-4bca-9660-a79f290afafc,activeservice.at,available,54,76,14,,,
0e2ad5e3-e08e-445e-9902-fad8015566c6,activesolar.at,available,50,80,12,,,
788959ab-6e4f-4744-a6b7-d26cc35d2cd1,activetransport.at,available,54,76,16,,,
92aa6688-b0d2-46c7-b9c0-9ad045f80eba,activetravel.at,available,54,72,13,,,
26b648b1-35ca-45d3-8874-04ce4e3526b0,activevoice.at,available,54,80,12,,,
587c375b-8266-4075-8b4c-b87693092aaf,activism.at,available,62,80,8,,,
c541711c-0aa2-4c9f-9072-fc3e4d505c81,activistic.at,available,62,1,10,,,
ece85e37-ad06-4bcd-a591-24785d73ad95,activistinvestor.at,available,60,80,17,,,
e8138535-fac2-40f8-88f2-90ad63a7d1c9,activists.at,available,36,32,9,,,
ffe8077a-60c2-4dbe-a934-d2a2aa50a222,actofattainder.at,available,46,72,16,,,
fa63db2e-6621-4fae-8562-a1332f01e6c4,actofCongress.at,available,64,72,15,,,
6b36d153-8c68-4c1f-a064-0272279a445b,actofdarkness.at,available,64,72,15,,,
5d896775-06f5-4e7d-8b68-016c99b58666,actoffaith.at,available,64,72,12,,,
d6d6ad0f-d5a5-45f3-8924-ecfc9932a289,actofGod.at,available,64,20,10,,,
e23fce50-3170-4e5c-9e06-e70ae437c4bb,actofparliament.at,available,64,72,17,,,
ecbdc428-d0d8-47ef-b23b-108e52af938b,actofsettlement.at,available,46,72,17,,,
4f76e162-10ed-43e6-a382-4cfa7866097a,acton.at,available,70,88,6,,,
500ec142-994d-420d-8c6a-ecc50da01a6d,actors.at,available,60,76,6,,,
07f43fca-360a-492e-b03e-776a4a595663,actout.at,available,70,76,7,,,
4794afd1-6682-4375-b2f0-5c39789d05ec,actpossum.at,available,66,72,10,,,
e46f6868-5b7a-44f6-985e-120f26b430ed,actpsychology.at,available,64,8,14,,,
838a9ecd-45bb-4fd8-82b9-513602e0d344,actress.at,available,78,80,7,,,
955506c0-7740-4243-a738-9653ed28ad46,actresses.at,available,52,16,9,,,
2c2aa616-af32-4d15-86e9-789df777307d,actsmart.at,available,46,76,9,,,
084a3d3f-1e92-4099-bafe-16de273f8f23,ActsoftheApostles.at,available,50,72,20,,,
37cc9996-e77b-42bb-9f57-132be6f82047,actsout.at,available,36,4,8,,,
8768ab34-8c31-41ac-802b-9fbcde6435d7,actthefool.at,available,66,72,12,,,
e44eca9f-c0fe-45f7-897a-7059f006e7b0,actthegiddygo.at,available,66,72,18,,,
18cb8a2f-a8da-4200-ae15-85e8d4b44625,actthegiddygoat.at,available,66,72,18,,,
d0164104-5473-4da0-8623-26406631a58b,actthego.at,available,66,72,12,,,
96043234-6705-4853-b3ea-8e8bf2f143d3,actthegoat.at,available,66,72,12,,,
c21c8b3d-6ed0-479d-a5ad-ff002bda8116,actthehypocrite.at,available,66,72,17,,,
3da89cb8-e3f6-4b9a-a988-97120d845327,actthejennet.at,available,66,72,14,,,
27a4be13-6556-472d-994c-a5b141bfba93,actthemaggot.at,available,66,72,14,,,
ed7ac6df-7526-4603-9a36-bd1ea22164b7,actualcashvalue.at,available,54,72,17,,,
2a473be6-2ca8-4425-9f95-ca5893dd04b3,actualcost.at,available,54,72,11,,,
1983ae15-ba26-4a3b-baa2-2a5807d9071e,actualflyingtime.at,available,54,72,18,,,
4053b32e-838b-4e82-834f-d2261052acc1,actualise.at,available,62,80,9,,,
afc80eb8-99db-40aa-b9c1-d9af15f433d6,actuality.at,available,54,80,9,,,
9ff55a77-bb3b-4dfa-bf4a-7d6632e4cb4e,actualize.at,available,62,84,9,,,
480f0066-37fb-4218-b391-d5fe50cf5af1,actualized.at,available,62,84,10,,,
8fb8f99e-a4e9-4d20-9aed-9d2bd06612bd,actually.at,available,70,80,8,,,
41e3b97b-309d-4ffe-85bc-c5dbf531ab3e,actualoccasions.at,available,54,72,16,,,
d33ce524-f9d3-48e5-8900-cbccbcec61a0,actualparameter.at,available,54,72,16,,,
2860b600-2e66-4917-9235-e33f61a376bd,actuals.at,available,40,40,7,,,
754ef704-ef82-4f4c-b270-dcc5b507e256,actuarialscience.at,available,54,72,17,,,
0888d657-bb77-4e70-9a54-428e72a23456,actuate.at,available,73,80,7,,,
977732c4-40dc-4e92-84b2-a91d28ad477e,actuated.at,available,54,3,8,,,
acc6003f-890d-440b-ace4-e95effa782a9,actupon.at,available,66,72,8,,,
6e946360-3527-45bd-a12d-c16939bd8823,acuate.at,available,74,2,6,,,
b17c7f3b-4109-4931-b3a0-2b88202ce80f,acuity.at,available,58,80,6,,,
85cf1a77-4d0b-403b-9507-122a2e17f385,aculeate.at,available,68,1,8,,,
e1c06cee-5519-44a2-b99e-cdd66137987f,aculeated.at,available,50,1,9,,,
50106fc8-7186-4a8f-beb9-ffb99b6ab1fe,acuminate.at,available,70,1,9,,,
1161fe6a-5bf3-4531-94ce-5a751984406b,Acup.at,available,80,76,5,,,
e68bb644-4c88-4065-9c6c-9c7e75094a24,acupressure.at,available,54,84,11,,,
0e52f9e6-4d34-4ea6-accc-0459269160e0,acupuncturist.at,available,72,76,13,,,
79a2d946-be81-41c8-a469-0c721ac8d5d1,acupuncturists.at,available,36,24,14,,,
52b6f9e1-96ed-4dc4-bdf0-3570bea2bc91,acushla.at,available,60,72,7,,,
06bfb3a1-c746-4d30-b5ea-ae9692a792ba,acute.at,available,112,9,5,,,
503b45ec-b7e0-4992-a525-dcc356dca27d,acuteangled.at,available,48,72,12,,,
b7dfc81c-49a0-41a3-8bed-d2706c41d566,acutely.at,available,54,76,7,,,
a79c1476-0182-4bc6-a055-bef71f58f09e,acuteness.at,available,54,72,9,,,
6ab103d4-d840-45a1-958d-2d78a0b53703,acutetriangle.at,available,52,72,14,,,
ad67b935-9e1d-487e-9378-19ae3a978b92,ACV.at,available,56,48,3,,,
d96c8ebf-9b04-4c84-9b66-c8d37ae5757a,acyclic.at,available,58,4,7,,,
6dd37046-ba65-4f93-9d6c-38561621a2de,adabsurdum.at,available,42,16,11,,,
386a855c-a956-4282-8298-12aeccfa5098,AdaCounty.at,available,46,16,10,,,
21e10e26-2170-436e-b0e1-cd288ee561bd,adactylous.at,available,50,1,10,,,
bc789cab-7016-450a-baf8-9f8349505501,adage.at,available,68,88,5,,,
6c37c8da-1162-4ba1-a7f3-a5e5cb9b6279,adagios.at,available,40,12,7,,,
c7aefaf4-d1d6-41c2-b7ec-8c0135097c1c,AdairCounty.at,available,46,8,12,,,
e1867b49-d5fe-43d1-b858-24559716e97a,AdamandSteve.at,available,56,24,14,,,
a924e2a7-d58e-48dc-92dc-b83fd95130d4,adamantine.at,available,70,5,10,,,
d5b5070c-7144-4358-ac90-ed4c7f1bcff3,adamantly.at,available,50,72,9,,,
5c23a639-c97c-4fc7-9a6e-f2a681fd601a,AdamsCounty.at,available,46,20,12,,,
a8c1958f-96b3-4124-8b18-7425a38ae96d,adamsmith.at,available,62,92,10,,,
79907178-2dd4-4272-9368-293da54bde48,Adapazari.at,available,48,72,9,,,
609c34d3-f9a6-488c-b218-d26e8429ea8f,adapt.at,available,84,80,5,,,
b6fa09c0-dc12-4652-8879-8f0e40cc1b67,adaptability.at,available,62,84,12,,,
ab716d2f-8649-495f-bf5c-9ef114a7a596,adaptable.at,premium,76,9,9,,,
285b0e37-6134-4000-b3b6-7fe528be32bc,adaptableness.at,available,58,72,13,,,
0eb21129-03ef-42f4-8185-9da25cec7cd0,adaptation.at,available,60,80,10,,,
039c7312-cf1c-4501-80a0-85564464fac5,adaptations.at,available,42,28,11,,,
759eb1b6-8ebc-4a42-93b0-5a4b2af5dcb1,adaptative.at,available,72,3,10,,,
5d504f6d-476c-40f0-98a9-4d030ec8287b,adaptativeness.at,available,58,72,14,,,
3a179bae-598f-4d11-b3f0-c888a3cf5f1e,adaptedness.at,available,58,72,11,,,
2386cb75-9675-4b32-96a2-cf5ab56c376e,adapters.at,available,38,40,8,,,
4f6846c6-e519-4d0a-a015-87c3f88fb307,adapting.at,available,44,80,8,,,
d4067b2d-a2b4-4668-acf0-a1e28f513496,adaptitude.at,available,58,76,10,,,
20446aa5-bbdc-4a20-9c9b-11418e7245b0,adaptivebehavior.at,available,40,12,17,,,
658161b8-caab-4ca8-8c1c-da4426817679,adaptivebehaviour.at,available,40,8,18,,,
a3095d7b-c059-4c7b-b8a2-3512802be0d7,adaptiveclothing.at,available,40,36,17,,,
82b80ee5-eced-4d74-bc07-b0dcf4eb11e0,adaptiveenzyme.at,available,64,72,15,,,
9fdf52c0-149f-4d44-b37a-8088262645b8,adaptivelearning.at,available,58,40,17,,,
6c8f8763-b626-4b88-82f9-a48072de98b0,adaptivemanagement.at,available,58,12,19,,,
fc813038-449c-4dfe-a6e9-eb2ebbeacd31,adaptiveness.at,available,58,72,12,,,
978a53a0-0527-4286-ba21-2585321a1f3e,adaptivereuse.at,available,40,24,14,,,
aaddf311-45c9-45f5-8acd-85d919b971ab,adaptivetechnology.at,available,40,24,19,,,
2b460579-8c5f-4a1f-a28e-bd6301b6aea8,adaptor.at,available,68,76,7,,,
1e6c3474-ce93-43bf-a1f7-0af2eb59d67c,adapts.at,available,42,60,6,,,
a326999d-c598-4d00-8925-9a09a32f1233,ADAT.at,available,60,80,4,,,
586878a4-744e-4f7b-a151-3bfec3496c03,adaxial.at,available,54,3,7,,,
6d935cb1-558e-4926-b639-81e454885897,adbanner.at,available,64,72,9,,,
487d686a-e62a-4011-8185-46f23c839d07,adblindness.at,available,52,4,12,,,
3a985b9d-e265-4cdd-bda3-d26dd7e2354d,addable.at,available,76,3,7,,,
92f7c0f6-3bd8-4412-8063-2032005aeb2c,addible.at,available,58,3,7,,,
bd210d9f-803a-435e-a987-96ac2b7cc14c,addictively.at,available,42,72,11,,,
390e9c17-f842-4f69-bde7-9218c8b0a382,addin.at,available,68,84,6,,,
b9ac51e0-bd67-4dc0-b6e8-2d12b7b79a4e,adding.at,available,76,84,6,,,
5667c22b-efce-4555-b47f-18df4433c524,additament.at,available,52,72,10,,,
f7d1949f-a23f-4d19-a72a-76c06aa9b2a4,addition.at,available,70,80,8,,,
0b459fec-9a56-49c4-83bc-815ebc80ed2c,additional.at,available,90,9,10,,,
9570d6ff-28a3-4bab-8f08-86e98a05142b,additionally.at,available,44,68,12,,,
d18e0f60-052e-49f0-97aa-960befa5899b,additionary.at,available,52,72,11,,,
b09d1db9-8729-421a-884f-277b851baac6,additions.at,available,54,28,9,,,
6322b3ed-b920-41be-877b-6ff438fd4308,additionsign.at,available,56,72,13,,,
af98239d-dbca-4dec-8e31-72cc63bd4772,additive.at,premium,68,13,8,,,
68af52c7-6449-476e-982d-0276708d556e,additivecolor.at,available,44,72,14,,,
1cc3473b-6904-44b7-8fb6-1e78fde07f2b,additiveidentity.at,available,56,72,17,,,
101e5d23-22f4-4d91-95ed-9f4e93c4fac0,additiveoperation.at,available,56,72,18,,,
8bd683a5-3644-494d-93bc-ad43a750aa07,additiveplural.at,available,50,72,15,,,
e82949cc-8256-4e15-99a0-b274609609fa,additives.at,available,44,32,9,,,
b100262f-1226-4d2d-b376-a6cbb10b1f8e,additory.at,available,48,72,8,,,
18f99784-dde7-4399-a3df-500700265d94,addled.at,available,56,3,6,,,
3c56f35e-3bbb-423d-bf0f-ebe5b2e5688d,addlepated.at,available,46,1,10,,,
4f446d47-ceec-4a14-ac89-eef12d7daa77,addon.at,available,68,84,6,,,
ad06ee95-f1f2-40c7-a32b-ae20ff459daa,addressable.at,available,56,76,11,,,
8e0441d0-5a9b-4bf1-bba9-aedb04e754fc,addressbar.at,available,58,72,11,,,
51428652-d201-4d35-a85e-861944bfb159,addressbook.at,available,62,84,12,,,
ffe4d8ec-0d90-4b5a-b63a-69b18c5db161,addressbooks.at,available,36,12,13,,,
d1bf48fa-d8b9-4c22-8eff-aa0365fb2530,addressbus.at,available,36,72,11,,,
fbd9273b-380a-4426-bcbb-96b9bef85111,addressed.at,available,58,3,9,,,
f4001ca7-01b0-47a9-bc4b-801d507a4fcb,addressee.at,available,54,72,9,,,
cba1b1b1-3bbc-4189-b27a-8e0a0b95a058,addressees.at,available,36,8,10,,,
04e97f61-4bc5-45c3-b7ac-7126327cec83,addresses.at,available,52,80,9,,,
89e9a71e-0d46-43f9-9f5f-eca44822409f,addressing.at,available,62,20,10,,,
19cf8f26-e373-4b02-bba3-fd91f2164340,addression.at,available,52,72,10,,,
23f5f493-2770-4a81-a690-68ad6c9da014,addressline.at,available,36,76,12,,,
5e8d372c-76fd-44bb-9759-a139c3a339f7,addressofrecord.at,available,54,72,17,,,
c2509b7e-138c-4e09-b7e3-0e40f0acc27f,addresstheball.at,available,56,76,16,,,
d53eda24-535c-41c7-8a11-4917ec75c363,addto.at,available,62,80,6,,,
fd1062e7-c739-44a5-80e6-d9d3671f8cbd,adducent.at,available,54,2,8,,,
99325fbe-67e7-4f6f-a641-a494507c7da1,adducting.at,available,54,2,9,,,
8a9485e9-ab59-4f51-8411-50d2a7918a9f,adductive.at,available,54,1,9,,,
fa7b27b5-b85b-4a13-8991-c7b493d59551,addulce.at,available,58,72,7,,,
34dfbce2-87b6-4855-893d-c0c3a39f61e3,addup.at,available,74,84,6,,,
80138a21-e316-4841-a2fc-4a9c0c90e020,ade.at,available,68,76,3,,,
a6b1139e-fbf0-4994-b797-f6d734438982,adealisadeal.at,available,46,72,16,,,
b1d13669-c44b-4f3f-8d92-f36e7887c8c3,Adelaidean.at,available,74,72,10,,,
03d93c1a-b268-4e87-9ab0-815faabf4991,Adelard.at,available,56,76,7,,,
a9f24840-1378-43b8-b336-1526e81cb0fd,Adelina.at,resell,62,84,7,Edomains LLC ( https://nic.at/registrar/728 ),,
71802e99-ad1d-49d1-8648-805e600ef6c5,Adell.at,available,56,84,5,,,
3102ddaf-e174-4160-909f-482ee7c7f8b1,Adelphi.at,available,56,88,7,,,
768f83f8-ede8-42fd-89cd-0c63a8b8c7a5,Adelyn.at,available,62,76,6,,,
0ed4dbef-334a-4c5b-ba28-c7a59928371d,Adelynn.at,available,62,68,7,,,